slug,title,category,tags,summary,col_labels,compare_rows,article_title,article_lead,exam_points,common_mistakes,memory_tip,related_terms,faq_1_question,faq_1_answer,faq_2_question,faq_2_answer,faq_3_question,faq_3_answer,faq_4_question,faq_4_answer,fact_checked_at
daiichi-daini-eisei,第一種と第二種衛生管理者の違い,関係法令,第一種;第二種;有害業務,第一種・第二種の選任事業場・試験範囲・問題数の違いを整理します。,第一種;第二種,"[{""axis"": ""選任"", ""cols"": [""有害業務を行う事業場等"", ""非有害業務の事業場（原則）""]}, {""axis"": ""試験"", ""cols"": [""44問・有害含む5範囲"", ""30問・有害以外3科目""]}, {""axis"": ""合格"", ""cols"": [""400点・240点・各40点以上"", ""300点・180点・各40点以上""]}, {""axis"": ""見分け"", ""cols"": [""「有害」「44問」"", ""「30問」「有害以外」""]}, {""axis"": ""混同"", ""cols"": [""一種で有害担当"", ""二種は有害以外""]}]",第一種と第二種衛生管理者の違い｜第一種,第一種試験では両者の比較が定番です。有害業務の有無と問題数の差を表で整理し、第一種は有害業務を含む5範囲に絞って学習してください。数値・日程・合格基準は公益財団法人 安全衛生技術試験協会（www.exam.or.jp）の試験要項で必ずご確認ください。,有害業務で一種・二種を区分;一種は44問;二種は30問;選任要件を条文で確認,二種で有害業務を担当;問題数を逆;試験範囲を同一視,「有害＝一種」「非有害＝二種」と整理。,衛生工学衛生管理者;衛生管理者（選任・常勤・専任・資格区分）;労働安全衛生法,「第一種と第二種衛生管理者の違い」の試験での位置づけは？,第一種試験では両者の比較が定番です。有害業務の有無と問題数の差を表で整理し、第一種は有害業務を含む5範囲に絞って学習してください。数値・日程・合格基準は公益財団法人 安全衛生技術試験協会（www.exam.or.jp）の試験要項で必ずご確… 試験では有害業務で一種・二種を区分を軸に、関連条文・数値・主体の取り違えを照合してください。,「第一種と第二種衛生管理者の違い」でよくある誤答パターンは？,二種で有害業務を担当;問題数を逆;試験範囲を同一視 誤答肢では一種は44問の主語や条件が入れ替わることが多いので、比較表で整理してください。 過去問で正誤の型を分類し、試験要項で数値・期限を照合してください。,「第一種と第二種衛生管理者の違い」の覚え方・確認手順は？,「第一種と第二種衛生管理者の違い」では有害業務で一種・二種を区分を軸に、条文・数値・主体の取り違えを比較表で整理してください。 典型誤答は二種で有害業務を担当;問題数を逆;試験範囲を同一視。 過去問では条件文の主語入れ替え肢に注意してください。,「第一種と第二種衛生管理者の違い」の公式情報はどこで確認しますか？,「第一種と第二種衛生管理者の違い」では有害業務で一種・二種を区分を軸に、条文・数値・主体の取り違えを比較表で整理してください。 典型誤答は二種で有害業務を担当;問題数を逆;試験範囲を同一視。 過去問では条件文の主語入れ替え肢に注意してください。,
sangyou-i-eisei,産業医と衛生管理者の違い,労働衛生,産業医;衛生管理者,産業医と衛生管理者の資格・選任・職務の違いを整理します。,産業医（選任・職務・記録・巡視・面接指導）;衛生管理者,"[{""axis"": ""資格"", ""cols"": [""医師免許"", ""衛生管理者免許""]}, {""axis"": ""職務"", ""cols"": [""医学的管理・面接指導等"", ""労働衛生の総括・作業環境等""]}, {""axis"": ""選任"", ""cols"": [""常時50人以上等"", ""規模要件により選任""]}, {""axis"": ""試験"", ""cols"": [""医師が前提"", ""衛生管理者試験""]}, {""axis"": ""混同"", ""cols"": [""衛生管理者が診断実施"", ""産業医が測定実施""]}]",産業医と衛生管理者の違い｜第一種,医学的管理と労働衛生管理は主体が異なります。長時間労働者面接指導など協働する領域も、主たる責任者を条文で区別してください。,産業医＝医学的管理;衛生管理者＝労働衛生;選任規模が異なる;職務分担を暗記,同一職務とする;選任要件を逆;診断実施者を混同,「医学＝産業医」「労働衛生＝衛生管理者」。,産業医（選任・職務・記録・巡視・面接指導）;衛生工学衛生管理者;衛生管理者（選任・常勤・専任・資格区分）,「産業医と衛生管理者の違い」の試験での位置づけは？,医学的管理と労働衛生管理は主体が異なります。長時間労働者面接指導など協働する領域も、主たる責任者を条文で区別してください。 試験では産業医＝医学的管理を軸に、関連条文・数値・主体の取り違えを照合してください。,「産業医と衛生管理者の違い」でよくある誤答パターンは？,同一職務とする;選任要件を逆;診断実施者を混同 誤答肢では衛生管理者＝労働衛生の主語や条件が入れ替わることが多いので、比較表で整理してください。 過去問で正誤の型を分類し、試験要項で数値・期限を照合してください。,「産業医と衛生管理者の違い」の覚え方・確認手順は？,「産業医と衛生管理者の違い」では産業医＝医学的管理を軸に、条文・数値・主体の取り違えを比較表で整理してください。 典型誤答は同一職務とする;選任要件を逆;診断実施者を混同。 過去問では条件文の主語入れ替え肢に注意してください。,「産業医と衛生管理者の違い」の公式情報はどこで確認しますか？,「産業医と衛生管理者の違い」では産業医＝医学的管理を軸に、条文・数値・主体の取り違えを比較表で整理してください。 典型誤答は同一職務とする;選任要件を逆;診断実施者を混同。 過去問では条件文の主語入れ替え肢に注意してください。,
kyokusho-zenmen-haiki,局所排気装置と全面換気の違い,労働衛生,局所排気;換気,有害物質等の制御における局所排気と全面換気（希釈換気）の違いを整理します。,局所排気装置;プッシュプル型換気,"[{""axis"": ""原理"", ""cols"": [""発生源を密閉・吸引"", ""室内全体を換気して希釈""]}, {""axis"": ""適用"", ""cols"": [""発生源が明確な作業"", ""広範囲・発散作業等""]}, {""axis"": ""設備"", ""cols"": [""フード・ダクト・送風機"", ""換気量・気流組織""]}, {""axis"": ""試験"", ""cols"": [""「密閉」「吸引」"", ""「換気量」「希釈」""]}, {""axis"": ""混同"", ""cols"": [""全面で局所代替"", ""局所不要""]}]",局所排気と全面換気の違い｜第一種,作業環境管理では第一に局所排気等、必要に応じ全面換気を組み合わせます。優先順位と設計の考え方が試験頻出です。,局所排気を優先;全面換気は希釈;換気量計算;組み合わせ,全面のみで十分;局所排気不要;優先順位逆,「発生源＝局所」「希釈＝全面」。,局所排気装置;プッシュプル型換気;作業環境測定,「局所排気装置と全面換気の違い」の試験での位置づけは？,作業環境管理では第一に局所排気等、必要に応じ全面換気を組み合わせます。優先順位と設計の考え方が試験頻出です。 試験では局所排気を優先を軸に、関連条文・数値・主体の取り違えを照合してください。 過去問で正誤の型を分類し、試験要項で数値・期限を照合してください。,「局所排気装置と全面換気の違い」でよくある誤答パターンは？,全面のみで十分;局所排気不要;優先順位逆 誤答肢では全面換気は希釈の主語や条件が入れ替わることが多いので、比較表で整理してください。 過去問で正誤の型を分類し、試験要項で数値・期限を照合してください。,「局所排気装置と全面換気の違い」の覚え方・確認手順は？,「局所排気装置と全面換気の違い」では局所排気を優先を軸に、条文・数値・主体の取り違えを比較表で整理してください。 典型誤答は全面のみで十分;局所排気不要;優先順位逆。 過去問では条件文の主語入れ替え肢に注意してください。,「局所排気装置と全面換気の違い」の公式情報はどこで確認しますか？,「局所排気装置と全面換気の違い」では局所排気を優先を軸に、条文・数値・主体の取り違えを比較表で整理してください。 典型誤答は全面のみで十分;局所排気不要;優先順位逆。 過去問では条件文の主語入れ替え肢に注意してください。,
koyou-teiki-kenshin,雇入時健康診断と定期健康診断,労働衛生,雇入時;定期;健康診断,雇入時・定期健康診断の実施時期・目的・事後措置の違いを整理します。,雇入時健康診断（直前3月以内省略可）;定期健康診断／雇入時／特殊健康診断,"[{""axis"": ""時期"", ""cols"": [""雇入れ時（配属前等）"", ""定期（1年以内ごとなど）""]}, {""axis"": ""目的"", ""cols"": [""適性・健康把握"", ""健康管理・早期発見""]}, {""axis"": ""事後措置"", ""cols"": [""就業判定・配慮"", ""再検査・面接指導等""]}, {""axis"": ""試験"", ""cols"": [""「雇入れ」「配属前」"", ""「1年以内」「定期」""]}, {""axis"": ""混同"", ""cols"": [""定期のみで雇入れ可"", ""雇入れ不要""]}]",雇入時と定期健康診断の違い｜第一種,健康診断は労働衛生の中核です。実施時期・項目・保存期間・事後措置を表にまとめ、数値問題と結びつけてください。,雇入れ時は必須;定期は周期管理;事後措置を区別;記録保存期間,雇入れ時省略;周期を逆;二次健診と混同,「雇入れ＝適性」「定期＝継続管理」。,雇入時健康診断（直前3月以内省略可）;定期健康診断／雇入時／特殊健康診断;健康診断事後措置,「雇入時健康診断と定期健康診断」の試験での位置づけは？,健康診断は労働衛生の中核です。実施時期・項目・保存期間・事後措置を表にまとめ、数値問題と結びつけてください。 試験では雇入れ時は必須を軸に、関連条文・数値・主体の取り違えを照合してください。 過去問で正誤の型を分類し、試験要項で数値・期限を照合してください。,「雇入時健康診断と定期健康診断」でよくある誤答パターンは？,「雇入時健康診断と定期健康診断」では雇入れ時は必須を軸に、条文・数値・主体の取り違えを比較表で整理してください。 典型誤答は雇入れ時省略;周期を逆;二次健診と混同。 過去問では条件文の主語入れ替え肢に注意してください。,「雇入時健康診断と定期健康診断」の覚え方・確認手順は？,「雇入時健康診断と定期健康診断」では雇入れ時は必須を軸に、条文・数値・主体の取り違えを比較表で整理してください。 典型誤答は雇入れ時省略;周期を逆;二次健診と混同。 過去問では条件文の主語入れ替え肢に注意してください。,「雇入時健康診断と定期健康診断」の公式情報はどこで確認しますか？,「雇入時健康診断と定期健康診断」では雇入れ時は必須を軸に、条文・数値・主体の取り違えを比較表で整理してください。 典型誤答は雇入れ時省略;周期を逆;二次健診と混同。 過去問では条件文の主語入れ替え肢に注意してください。,
ichiji-teiki-sokutei,作業環境測定の種類,労働衛生,作業環境測定;管理区分,作業環境測定の実施区分・記録・評価の違いを整理します。,第1管理区分;第2管理区分,"[{""axis"": ""管理区分"", ""cols"": [""第1〜第3管理区分で頻度等が異なる"", ""物質・作業により区分""]}, {""axis"": ""記録"", ""cols"": [""作業環境測定記録"", ""管理簿への記載""]}, {""axis"": ""評価"", ""cols"": [""管理濃度等と比較"", ""改善措置の要否""]}, {""axis"": ""試験"", ""cols"": [""「管理区分」「頻度」"", ""「記録保存」""]}, {""axis"": ""混同"", ""cols"": [""測定不要"", ""区分を無視""]}]",作業環境測定の種類｜第一種,作業環境管理区分により測定頻度・方法が変わります。管理濃度・測定記録・改善措置を一連で学習してください。,管理区分で頻度が変わる;測定記録保存;管理濃度比較;改善措置,区分不要;記録不要;測定結果を無視,「区分→頻度→記録→改善」の流れ。,作業環境測定;作業環境評価基準・管理区分（第1～第3）;記録の作成・保存（測定・健康診断・教育等）,「作業環境測定の種類」の試験での位置づけは？,作業環境管理区分により測定頻度・方法が変わります。管理濃度・測定記録・改善措置を一連で学習してください。 試験では管理区分で頻度が変わるを軸に、関連条文・数値・主体の取り違えを照合してください。 過去問で正誤の型を分類し、試験要項で数値・期限を照合してください。,「作業環境測定の種類」でよくある誤答パターンは？,「作業環境測定の種類」では管理区分で頻度が変わるを軸に、条文・数値・主体の取り違えを比較表で整理してください。 典型誤答は区分不要;記録不要;測定結果を無視。 過去問では条件文の主語入れ替え肢に注意してください。,「作業環境測定の種類」の覚え方・確認手順は？,「作業環境測定の種類」では管理区分で頻度が変わるを軸に、条文・数値・主体の取り違えを比較表で整理してください。 典型誤答は区分不要;記録不要;測定結果を無視。 過去問では条件文の主語入れ替え肢に注意してください。,「作業環境測定の種類」の公式情報はどこで確認しますか？,「作業環境測定の種類」では管理区分で頻度が変わるを軸に、条文・数値・主体の取り違えを比較表で整理してください。 典型誤答は区分不要;記録不要;測定結果を無視。 過去問では条件文の主語入れ替え肢に注意してください。,
anzen-eisei-iinkai,安全衛生委員会と衛生委員会,関係法令,安全衛生委員会;衛生委員会,安全衛生委員会・衛生委員会の設置要件・構成・権限の違いを整理します。,衛生委員会／安全衛生委員会;衛生委員会,"[{""axis"": ""設置規模"", ""cols"": [""50人以上（原則）"", ""10人以上50人未満等""]}, {""axis"": ""構成"", ""cols"": [""委員長・衛生管理者等"", ""衛生委員・産業医等""]}, {""axis"": ""権限"", ""cols"": [""審議・意見具申"", ""意見聴取・記録等""]}, {""axis"": ""試験"", ""cols"": [""「50人」"", ""「10人」""]}, {""axis"": ""混同"", ""cols"": [""衛生委員会のみで足りる"", ""安全衛生委員会不要""]}]",安全衛生委員会と衛生委員会｜第一種,常時雇用者数により設置する委員会が異なります。人数基準・構成員・会議の記録が関係法令で頻出です。,50人以上は安全衛生委員会;10人以上は衛生委員会;人数基準を暗記;構成・権限の違い,人数基準逆;同一機関;記録不要,「50＝安衛委」「10〜49＝衛生委員会」。,衛生委員会／安全衛生委員会;衛生委員会;労働安全衛生法;安全衛生委員会（兼任の可否）,「安全衛生委員会と衛生委員会」の試験での位置づけは？,常時雇用者数により設置する委員会が異なります。人数基準・構成員・会議の記録が関係法令で頻出です。 試験では50人以上は安全衛生委員会を軸に、関連条文・数値・主体の取り違えを照合してください。 過去問で正誤の型を分類し、試験要項で数値・期限を照合してください。,「安全衛生委員会と衛生委員会」でよくある誤答パターンは？,「安全衛生委員会と衛生委員会」では50人以上は安全衛生委員会を軸に、条文・数値・主体の取り違えを比較表で整理してください。 典型誤答は人数基準逆;同一機関;記録不要。 過去問では条件文の主語入れ替え肢に注意してください。,「安全衛生委員会と衛生委員会」の覚え方・確認手順は？,「安全衛生委員会と衛生委員会」では50人以上は安全衛生委員会を軸に、条文・数値・主体の取り違えを比較表で整理してください。 典型誤答は人数基準逆;同一機関;記録不要。 過去問では条件文の主語入れ替え肢に注意してください。,「安全衛生委員会と衛生委員会」の公式情報はどこで確認しますか？,「安全衛生委員会と衛生委員会」では50人以上は安全衛生委員会を軸に、条文・数値・主体の取り違えを比較表で整理してください。 典型誤答は人数基準逆;同一機関;記録不要。 過去問では条件文の主語入れ替え肢に注意してください。,
risk-chemical,リスクアセスメントと化学物質管理,労働衛生,リスクアセスメント;化学物質,リスクアセスメントと化学物質等の調査・管理措置の関係を整理します。,リスクアセスメント（化学・作業環境）;化学物質管理者（選任・職務）,"[{""axis"": ""目的"", ""cols"": [""ばく露・危険性の見積り"", ""有害性調査・表示・管理""]}, {""axis"": ""手順"", ""cols"": [""ばく露濃度×影響"", ""SDS・表示・代替等""]}, {""axis"": ""義務"", ""cols"": [""一定規模で実施"", ""調査等の義務""]}, {""axis"": ""試験"", ""cols"": [""「見積り」「ばく露」"", ""「SDS」「表示」""]}, {""axis"": ""混同"", ""cols"": [""調査のみで終了"", ""アセスメント不要""]}]",リスクアセスメントと化学物質管理｜第一種,化学物質管理は調査・リスクアセスメント・表示・教育等の組み合わせです。第一種では有害業務を含む5範囲の範囲で基本手順を押さえます。,調査とアセスメントの順;ばく露見積り;SDS・表示;管理措置の選択,調査のみ;アセスメント省略;表示不要,「調査→評価→措置」の流れ。,リスクアセスメント;化学物質管理者（選任・職務）,「リスクアセスメントと化学物質管理」の試験での位置づけは？,化学物質管理は調査・リスクアセスメント・表示・教育等の組み合わせです。第一種では有害業務を含む5範囲の範囲で基本手順を押さえます。 試験では調査とアセスメントの順を軸に、関連条文・数値・主体の取り違えを照合してください。,「リスクアセスメントと化学物質管理」でよくある誤答パターンは？,「リスクアセスメントと化学物質管理」では調査とアセスメントの順を軸に、条文・数値・主体の取り違えを比較表で整理してください。 典型誤答は調査のみ;アセスメント省略;表示不要。 過去問では条件文の主語入れ替え肢に注意してください。,「リスクアセスメントと化学物質管理」の覚え方・確認手順は？,「リスクアセスメントと化学物質管理」では調査とアセスメントの順を軸に、条文・数値・主体の取り違えを比較表で整理してください。 典型誤答は調査のみ;アセスメント省略;表示不要。 過去問では条件文の主語入れ替え肢に注意してください。,「リスクアセスメントと化学物質管理」の公式情報はどこで確認しますか？,「リスクアセスメントと化学物質管理」では調査とアセスメントの順を軸に、条文・数値・主体の取り違えを比較表で整理してください。 典型誤答は調査のみ;アセスメント省略;表示不要。 過去問では条件文の主語入れ替え肢に注意してください。,
stress-kenshin,ストレスチェックと健康診断,関係法令,ストレスチェック;健康診断,メンタルヘルス対策としてのストレスチェック制度と健康診断の違いを整理します。,ストレスチェック（年1回以上・50人以上）;定期健康診断／雇入時／特殊健康診断,"[{""axis"": ""目的"", ""cols"": [""心理的負担の把握"", ""身体健康の管理""]}, {""axis"": ""実施"", ""cols"": [""事業者が実施・勧告"", ""医師等による健診""]}, {""axis"": ""結果"", ""cols"": [""面接指導・措置"", ""就業判定・二次健診等""]}, {""axis"": ""試験"", ""cols"": [""「ストレス」「50人以上」"", ""「健診」「周期」""]}, {""axis"": ""混同"", ""cols"": [""健診でストレス測定のみ"", ""ストレスチェック不要""]}]",ストレスチェックと健康診断｜第一種,ストレスチェックは労働安全衛生法上のメンタルヘルス措置、健康診断は身体健康管理です。実施者・記録・フォローが異なります。,目的と手続が異なる;50人以上等の要件;面接指導;健診との併用,同一制度と誤解;健診で代替;実施不要とする,「メンタル＝ストレスチェック」「身体＝健診」。,ストレスチェック（年1回以上・50人以上）;定期健康診断／雇入時／特殊健康診断;産業医面接指導と就業上の措置,「ストレスチェックと健康診断」の試験での位置づけは？,ストレスチェックは労働安全衛生法上のメンタルヘルス措置、健康診断は身体健康管理です。実施者・記録・フォローが異なります。 試験では目的と手続が異なるを軸に、関連条文・数値・主体の取り違えを照合してください。,「ストレスチェックと健康診断」でよくある誤答パターンは？,同一制度と誤解;健診で代替;実施不要とする 誤答肢では50人以上等の要件の主語や条件が入れ替わることが多いので、比較表で整理してください。 過去問で正誤の型を分類し、試験要項で数値・期限を照合してください。,「ストレスチェックと健康診断」の覚え方・確認手順は？,「ストレスチェックと健康診断」では目的と手続が異なるを軸に、条文・数値・主体の取り違えを比較表で整理してください。 典型誤答は同一制度と誤解;健診で代替;実施不要とする。 過去問では条件文の主語入れ替え肢に注意してください。,「ストレスチェックと健康診断」の公式情報はどこで確認しますか？,「ストレスチェックと健康診断」では目的と手続が異なるを軸に、条文・数値・主体の取り違えを比較表で整理してください。 典型誤答は同一制度と誤解;健診で代替;実施不要とする。 過去問では条件文の主語入れ替え肢に注意してください。,
niji-teiki-kenshin,二次健康診断と定期健康診断,労働衛生,二次健康診断;定期健康診断,定期健康診断結果に基づく二次健康診断の位置づけを整理します。,定期健康診断／雇入時／特殊健康診断;健康診断事後措置,"[{""axis"": ""関係"", ""cols"": [""一次（定期）の結果に基づく"", ""定期・雇入れ等が一次""]}, {""axis"": ""目的"", ""cols"": [""詳細検査・疾病の確認"", ""健康管理・スクリーニング""]}, {""axis"": ""実施"", ""cols"": [""医師の判断等"", ""事業者が定期実施""]}, {""axis"": ""試験"", ""cols"": [""「所見あり→二次」"", ""「定期のみで終了」""]}, {""axis"": ""混同"", ""cols"": [""二次を省略可"", ""定期と同一""]}]",二次健康診断と定期健康診断｜第一種,定期健診で所見があった場合等に二次健康診断を実施します。事後措置・就業上の措置とセットで条文・告示を確認してください。,一次→二次の流れ;所見に応じ実施;事後措置;記録保存,二次省略;定期と同一視;就業判定混同,「定期＝スクリーニング」「二次＝精査」。,健康診断事後措置;定期健康診断／雇入時／特殊健康診断;健康診断個人票の保存（5年）,「二次健康診断と定期健康診断」の試験での位置づけは？,定期健診で所見があった場合等に二次健康診断を実施します。事後措置・就業上の措置とセットで条文・告示を確認してください。 試験では一次→二次の流れを軸に、関連条文・数値・主体の取り違えを照合してください。,「二次健康診断と定期健康診断」でよくある誤答パターンは？,「二次健康診断と定期健康診断」では一次→二次の流れを軸に、条文・数値・主体の取り違えを比較表で整理してください。 典型誤答は二次省略;定期と同一視;就業判定混同。 過去問では条件文の主語入れ替え肢に注意してください。,「二次健康診断と定期健康診断」の覚え方・確認手順は？,「二次健康診断と定期健康診断」では一次→二次の流れを軸に、条文・数値・主体の取り違えを比較表で整理してください。 典型誤答は二次省略;定期と同一視;就業判定混同。 過去問では条件文の主語入れ替え肢に注意してください。,「二次健康診断と定期健康診断」の公式情報はどこで確認しますか？,「二次健康診断と定期健康診断」では一次→二次の流れを軸に、条文・数値・主体の取り違えを比較表で整理してください。 典型誤答は二次省略;定期と同一視;就業判定混同。 過去問では条件文の主語入れ替え肢に注意してください。,
senmu-sennin,専任と兼務の衛生管理者,労働衛生,専任;衛生管理者,衛生管理者の専任・兼務・巡視の要件の違いを整理します。,専任の衛生管理者（有害業務30人超）;衛生管理者（選任・常勤・専任・資格区分）,"[{""axis"": ""専任"", ""cols"": [""原則専任（規模・条件あり）"", ""他業務との兼務制限""]}, {""axis"": ""巡視"", ""cols"": [""定期的な巡視義務"", ""作業場の確認""]}, {""axis"": ""選任"", ""cols"": [""事業場ごと"", ""委託の可否""]}, {""axis"": ""試験"", ""cols"": [""「専任」「巡視」"", ""「兼務無制限」""]}, {""axis"": ""混同"", ""cols"": [""兼務自由"", ""巡視不要""]}]",専任と兼務の衛生管理者｜第一種,衛生管理者は専任性・巡視等の要件が試験頻出です。雇用形態・委託・選解任の手続も関係法令で確認してください。,専任性の例外を整理;巡視義務;委託の要件;選解任手続,兼務無制限;巡視不要;選任不要,「専任・巡視」をキーワードで整理。,専任の衛生管理者（有害業務30人超）;衛生管理者（選任・常勤・専任・資格区分）;衛生工学衛生管理者,「専任と兼務の衛生管理者」の試験での位置づけは？,衛生管理者は専任性・巡視等の要件が試験頻出です。雇用形態・委託・選解任の手続も関係法令で確認してください。 試験では専任性の例外を整理を軸に、関連条文・数値・主体の取り違えを照合してください。 過去問で正誤の型を分類し、試験要項で数値・期限を照合してください。,「専任と兼務の衛生管理者」でよくある誤答パターンは？,「専任と兼務の衛生管理者」では専任性の例外を整理を軸に、条文・数値・主体の取り違えを比較表で整理してください。 典型誤答は兼務無制限;巡視不要;選任不要。 過去問では条件文の主語入れ替え肢に注意してください。,「専任と兼務の衛生管理者」の覚え方・確認手順は？,「専任と兼務の衛生管理者」では専任性の例外を整理を軸に、条文・数値・主体の取り違えを比較表で整理してください。 典型誤答は兼務無制限;巡視不要;選任不要。 過去問では条件文の主語入れ替え肢に注意してください。,「専任と兼務の衛生管理者」の公式情報はどこで確認しますか？,「専任と兼務の衛生管理者」では専任性の例外を整理を軸に、条文・数値・主体の取り違えを比較表で整理してください。 典型誤答は兼務無制限;巡視不要;選任不要。 過去問では条件文の主語入れ替え肢に注意してください。,
sagyo-shunin-eisei,作業主任者と衛生管理者の違い,関係法令,作業主任者;衛生管理者,作業主任者の選任・職務と、衛生管理者（第一種）の労働衛生管理の違いを整理します。,作業主任者（選任・職務）;衛生工学衛生管理者（有害業務での選任）,"[{""axis"": ""選任"", ""cols"": [""掘削・解体等の危険作業"", ""事業場の労働衛生総括""]}, {""axis"": ""資格"", ""cols"": [""作業主任者技能講習等"", ""第一種衛生管理者試験合格""]}, {""axis"": ""職務"", ""cols"": [""当該作業の指揮・監督"", ""作業環境・健康保持増進等""]}, {""axis"": ""試験"", ""cols"": [""「指揮・監督」"", ""「巡視・測定」""]}, {""axis"": ""混同"", ""cols"": [""作業主任者が健診実施"", ""衛生管理者が解体指揮""]}]",作業主任者と衛生管理者の違い｜第一種,作業主任者は特定の危険作業の現場指揮、衛生管理者は事業場全体の労働衛生を総括します。第一種試験では両者の役割・選任要件を条文で区別する正誤問題が頻出です。,危険作業＝作業主任者;事業場総括＝衛生管理者;資格・選任が異なる;混同に注意,作業主任者が労働衛生総括;衛生管理者が解体指揮;同一資格,「危険作業の指揮＝作業主任者」「事業場の衛生＝衛生管理者」。,労働安全衛生法;衛生工学衛生管理者;衛生管理者（選任・常勤・専任・資格区分）;作業主任者（各種危険有害業務）,「作業主任者と衛生管理者の違い」の試験での位置づけは？,作業主任者は特定の危険作業の現場指揮、衛生管理者は事業場全体の労働衛生を総括します。第一種試験では両者の役割・選任要件を条文で区別する正誤問題が頻出です。 試験では危険作業＝作業主任者を軸に、関連条文・数値・主体の取り違えを照合してください。,「作業主任者と衛生管理者の違い」でよくある誤答パターンは？,作業主任者が労働衛生総括;衛生管理者が解体指揮;同一資格 誤答肢では事業場総括＝衛生管理者の主語や条件が入れ替わることが多いので、比較表で整理してください。 過去問で正誤の型を分類し、試験要項で数値・期限を照合してください。,「作業主任者と衛生管理者の違い」の覚え方・確認手順は？,覚え方：「危険作業の指揮＝作業主任者」「事業場の衛生＝衛生管理者」。 用語集→本ページ→過去問の順で往復し、正誤理由をメモに残してください。 過去問で正誤の型を分類し、試験要項で数値・期限を照合してください。,「作業主任者と衛生管理者の違い」の公式情報はどこで確認しますか？,「作業主任者と衛生管理者の違い」では危険作業＝作業主任者を軸に、条文・数値・主体の取り違えを比較表で整理してください。 典型誤答は作業主任者が労働衛生総括;衛生管理者が解体指揮;同一資格。 過去問では条件文の主語入れ替え肢に注意してください。,
abc-sokutei-hikaku,A測定・B測定・C測定の違い,労働衛生,A測定;B測定;C測定,作業環境測定におけるA・B・C測定の対象・目的・使い分けを整理します。,A測定・B測定の概念;A測定・B測定の概念;A測定・B測定の概念,"[{""axis"": ""対象"", ""cols"": [""単位作業場所全体"", ""発散源付近の高濃度部"", ""個人ばく露（個人サンプリング）""]}, {""axis"": ""目的"", ""cols"": [""分布把握"", ""局所濃度の補完"", ""個人ばく露評価""]}, {""axis"": ""実施"", ""cols"": [""A測定が基本"", ""必要に応じB測定"", ""C測定で個人評価""]}, {""axis"": ""試験"", ""cols"": [""「全体」"", ""「発散源」"", ""「個人」""]}, {""axis"": ""混同"", ""cols"": [""A＝呼吸域のみ"", ""C＝Aの別名"", ""Bを全場所で必須""]}, {""axis"": ""関連"", ""cols"": [""管理区分"", ""改善措置"", ""測定記録""]}]",A・B・C測定の違い｜第一種,A測定は作業場所全体、B測定は発散源付近、C測定は個人ばく露の評価です。呼吸域だけを測るのはC測定のイメージに近く、A測定の定義と混同しないでください。,A＝全体分布;B＝発散源付近;C＝個人ばく露;管理区分と連動,A測定＝作業者呼吸域のみ;C測定＝Aの別名;B測定を全場所で必須,「全体＝A」「発散源＝B」「個人＝C」。,A測定・B測定・C測定の意味と使い分け;作業環境測定;作業環境評価基準・管理区分（第1～第3）,「A測定・B測定・C測定の違い」の試験での位置づけは？,A測定は作業場所全体、B測定は発散源付近、C測定は個人ばく露の評価です。呼吸域だけを測るのはC測定のイメージに近く、A測定の定義と混同しないでください。 試験ではA＝全体分布を軸に、関連条文・数値・主体の取り違えを照合してください。,「A測定・B測定・C測定の違い」でよくある誤答パターンは？,A測定＝作業者呼吸域のみ;C測定＝Aの別名;B測定を全場所で必須 誤答肢ではB＝発散源付近の主語や条件が入れ替わることが多いので、比較表で整理してください。 過去問で正誤の型を分類し、試験要項で数値・期限を照合してください。,「A測定・B測定・C測定の違い」の覚え方・確認手順は？,「A測定・B測定・C測定の違い」ではA＝全体分布を軸に、条文・数値・主体の取り違えを比較表で整理してください。 典型誤答はA測定＝作業者呼吸域のみ;C測定＝Aの別名;B測定を全場所で必須。 過去問では条件文の主語入れ替え肢に注意してください。,「A測定・B測定・C測定の違い」の公式情報はどこで確認しますか？,「A測定・B測定・C測定の違い」ではA＝全体分布を軸に、条文・数値・主体の取り違えを比較表で整理してください。 典型誤答はA測定＝作業者呼吸域のみ;C測定＝Aの別名;B測定を全場所で必須。 過去問では条件文の主語入れ替え肢に注意してください。,
wbgt-shonetsu-sho,WBGTと暑熱障害防止措置,労働衛生,WBGT;熱中症,暑さ指数WBGTと、暑熱障害防止のための措置・休憩・水分補給の関係を整理します。,WBGT;WBGT・熱中症・暑熱順化,"[{""axis"": ""指標"", ""cols"": [""WBGT（湿球黒球温度）"", ""気温・湿度・輻射の複合""]}, {""axis"": ""措置"", ""cols"": [""作業の中止・休憩"", ""水分・塩分・送風・遮蔽""]}, {""axis"": ""基準"", ""cols"": [""作業場所の区分で異なる"", ""連続・繰返し作業で異なる""]}, {""axis"": ""試験"", ""cols"": [""「31℃」「33℃」"", ""「休憩不要」""]}, {""axis"": ""混同"", ""cols"": [""気温のみで判断"", ""WBGT不要""]}]",WBGTと暑熱障害防止｜第一種,高温作業ではWBGTを測定し、基準値に応じて作業管理・休憩・水分補給等の措置を講じます。気温だけ、または体感だけで判断する肢は誤りになりやすいです。,WBGTで評価;基準超過で休憩等;水分・塩分;連続作業時間,気温のみで十分;WBGT測定不要;休憩省略,「測る＝WBGT」「超える＝休憩・管理」。,WBGT・熱中症・暑熱順化;労働安全衛生法,「WBGTと暑熱障害防止措置」の試験での位置づけは？,高温作業ではWBGTを測定し、基準値に応じて作業管理・休憩・水分補給等の措置を講じます。気温だけ、または体感だけで判断する肢は誤りになりやすいです。 試験ではWBGTで評価を軸に、関連条文・数値・主体の取り違えを照合してください。,「WBGTと暑熱障害防止措置」でよくある誤答パターンは？,気温のみで十分;WBGT測定不要;休憩省略 誤答肢では基準超過で休憩等の主語や条件が入れ替わることが多いので、比較表で整理してください。 過去問で正誤の型を分類し、試験要項で数値・期限を照合してください。,「WBGTと暑熱障害防止措置」の覚え方・確認手順は？,「WBGTと暑熱障害防止措置」ではWBGTで評価を軸に、条文・数値・主体の取り違えを比較表で整理してください。 典型誤答は気温のみで十分;WBGT測定不要;休憩省略。 過去問では条件文の主語入れ替え肢に注意してください。,「WBGTと暑熱障害防止措置」の公式情報はどこで確認しますか？,「WBGTと暑熱障害防止措置」ではWBGTで評価を軸に、条文・数値・主体の取り違えを比較表で整理してください。 典型誤答は気温のみで十分;WBGT測定不要;休憩省略。 過去問では条件文の主語入れ替え肢に注意してください。,
roka-souki-mask,ろ過式マスクと送気マスク,労働衛生,ろ過式;送気マスク,ろ過式防毒マスク・防塵マスクと、送気マスク・エアラインマスクの適用場面の違いを整理します。,防毒マスク（吸収缶・使用限界）;呼吸用保護具（区分・選定・フィットテスト）,"[{""axis"": ""原理"", ""cols"": [""吸収缶・ろ材で濾過"", ""清浄空気を送気""]}, {""axis"": ""適用"", ""cols"": [""酸素濃度十分・濃度が低い"", ""酸欠・高濃度のおそれ""]}, {""axis"": ""注意"", ""cols"": [""酸素は供給しない"", ""ホース・空気源点検""]}, {""axis"": ""試験"", ""cols"": [""「18％未満」"", ""「吸収缶」""]}, {""axis"": ""混同"", ""cols"": [""酸欠でもろ過式"", ""送気不要""]}]",ろ過式と送気マスクの違い｜第一種,ろ過式は酸素を供給しないため、酸素濃度18％未満のおそれがある場所では送気式等を検討します。エアラインマスクのホース・接続点検も手順問題で出ます。,酸欠は送気式;ろ過は濃度・種類適合;使用前点検;エアラインはホース管理,酸欠でもろ過式で足りる;送気停止無視;缶の種類不要,「酸欠＝送気」「濃度管理＝ろ過適合」。,呼吸用保護具（区分・選定・フィットテスト）;作業環境測定;局所排気装置,「ろ過式マスクと送気マスク」の試験での位置づけは？,ろ過式は酸素を供給しないため、酸素濃度18％未満のおそれがある場所では送気式等を検討します。エアラインマスクのホース・接続点検も手順問題で出ます。 試験では酸欠は送気式を軸に、関連条文・数値・主体の取り違えを照合してください。,「ろ過式マスクと送気マスク」でよくある誤答パターンは？,酸欠でもろ過式で足りる;送気停止無視;缶の種類不要 誤答肢ではろ過は濃度・種類適合の主語や条件が入れ替わることが多いので、比較表で整理してください。 過去問で正誤の型を分類し、試験要項で数値・期限を照合してください。,「ろ過式マスクと送気マスク」の覚え方・確認手順は？,「ろ過式マスクと送気マスク」では酸欠は送気式を軸に、条文・数値・主体の取り違えを比較表で整理してください。 典型誤答は酸欠でもろ過式で足りる;送気停止無視;缶の種類不要。 過去問では条件文の主語入れ替え肢に注意してください。,「ろ過式マスクと送気マスク」の公式情報はどこで確認しますか？,「ろ過式マスクと送気マスク」では酸欠は送気式を軸に、条文・数値・主体の取り違えを比較表で整理してください。 典型誤答は酸欠でもろ過式で足りる;送気停止無視;缶の種類不要。 過去問では条件文の主語入れ替え肢に注意してください。,
kyoiku-kenkou-kanri,安全衛生教育と健康診断,関係法令,安全衛生教育;健康診断,雇入れ時等の安全衛生教育と、健康診断・健康保持増進措置の違いを整理します。,雇入れ時の安全衛生教育（安衛則35条）;定期健康診断／雇入時／特殊健康診断,"[{""axis"": ""目的"", ""cols"": [""知識・技能の習得"", ""健康状態の医学的把握""]}, {""axis"": ""実施"", ""cols"": [""雇入れ時・職種変更時等"", ""雇入れ時・定期等""]}, {""axis"": ""記録"", ""cols"": [""教育の実施記録"", ""健診結果の記録""]}, {""axis"": ""試験"", ""cols"": [""「教育」「技能」"", ""「健診」「所見」""]}, {""axis"": ""混同"", ""cols"": [""教育で健康判定"", ""健診で技能習得""]}]",安全衛生教育と健康診断｜第一種,教育は危険有害を知らせ技能を習得させる措置、健診は医学的検査による健康管理です。雇入れ時に両方必要となる場面が多く、目的を混同しないでください。,教育＝知識技能;健診＝医学的管理;雇入れ時に両方;記録も別,健診で教育代替;教育のみで就業判定;記録同一,「教える＝教育」「測る＝健診」。,雇入れ時の安全衛生教育（安衛則35条）;雇入時健康診断（直前3月以内省略可）;定期健康診断／雇入時／特殊健康診断;安全衛生教育,「安全衛生教育と健康診断」の試験での位置づけは？,教育は危険有害を知らせ技能を習得させる措置、健診は医学的検査による健康管理です。雇入れ時に両方必要となる場面が多く、目的を混同しないでください。 試験では教育＝知識技能を軸に、関連条文・数値・主体の取り違えを照合してください。,「安全衛生教育と健康診断」でよくある誤答パターンは？,健診で教育代替;教育のみで就業判定;記録同一 誤答肢では健診＝医学的管理の主語や条件が入れ替わることが多いので、比較表で整理してください。 過去問で正誤の型を分類し、試験要項で数値・期限を照合してください。,「安全衛生教育と健康診断」の覚え方・確認手順は？,「安全衛生教育と健康診断」では教育＝知識技能を軸に、条文・数値・主体の取り違えを比較表で整理してください。 典型誤答は健診で教育代替;教育のみで就業判定;記録同一。 過去問では条件文の主語入れ替え肢に注意してください。,「安全衛生教育と健康診断」の公式情報はどこで確認しますか？,「安全衛生教育と健康診断」では教育＝知識技能を軸に、条文・数値・主体の取り違えを比較表で整理してください。 典型誤答は健診で教育代替;教育のみで就業判定;記録同一。 過去問では条件文の主語入れ替え肢に注意してください。,
bosei-ippan-kenko,母性健康管理と一般の健康管理,関係法令,母性;健康管理,妊産婦・授乳婦等の母性健康管理と、一般労働者の健康管理措置の違いを整理します。,女性労働者・妊産婦・産後パートナーシップ（関連規定）;一般健康管理,"[{""axis"": ""対象"", ""cols"": [""妊産婦・授乳婦等"", ""一般労働者""]}, {""axis"": ""措置"", ""cols"": [""就業制限・時間短縮等"", ""健診・作業環境管理""]}, {""axis"": ""健診"", ""cols"": [""母性健診等"", ""定期・雇入れ時""]}, {""axis"": ""試験"", ""cols"": [""「就業制限」"", ""「一般と同一」""]}, {""axis"": ""混同"", ""cols"": [""母性も一般健診のみ"", ""制限不要""]}]",母性健康管理と一般管理｜第一種,母性健康管理は妊産婦等への配慮・就業制限・面接指導等を含み、一般の健診だけでは代替できません。産業医・衛生管理者・事業者の役割分担も確認してください。,対象が異なる;就業制限・短縮;母性健診;産業医関与,一般健診のみで足りる;制限不要;同一手続,「妊産婦＝母性措置」「一般＝健診・作業環境」。,女性労働者・妊産婦・産後パートナーシップ（関連規定）;産業医（選任・職務・記録・巡視・面接指導）;定期健康診断／雇入時／特殊健康診断,「母性健康管理と一般の健康管理」の試験での位置づけは？,母性健康管理は妊産婦等への配慮・就業制限・面接指導等を含み、一般の健診だけでは代替できません。産業医・衛生管理者・事業者の役割分担も確認してください。 試験では対象が異なるを軸に、関連条文・数値・主体の取り違えを照合してください。,「母性健康管理と一般の健康管理」でよくある誤答パターンは？,一般健診のみで足りる;制限不要;同一手続 誤答肢では就業制限・短縮の主語や条件が入れ替わることが多いので、比較表で整理してください。 過去問で正誤の型を分類し、試験要項で数値・期限を照合してください。,「母性健康管理と一般の健康管理」の覚え方・確認手順は？,「母性健康管理と一般の健康管理」では対象が異なるを軸に、条文・数値・主体の取り違えを比較表で整理してください。 典型誤答は一般健診のみで足りる;制限不要;同一手続。 過去問では条件文の主語入れ替え肢に注意してください。,「母性健康管理と一般の健康管理」の公式情報はどこで確認しますか？,「母性健康管理と一般の健康管理」では対象が異なるを軸に、条文・数値・主体の取り違えを比較表で整理してください。 典型誤答は一般健診のみで足りる;制限不要;同一手続。 過去問では条件文の主語入れ替え肢に注意してください。,
nikkin-yakin-kenshin,日勤健診と夜勤・深夜業の健康管理,労働衛生,夜勤;健康診断,深夜業従事者に対する健康診断・面接指導と、一般の定期健診の違いを整理します。,夜勤・交代勤務の健康影響;定期健康診断／雇入時／特殊健康診断,"[{""axis"": ""対象"", ""cols"": [""深夜業従事者"", ""一般労働者""]}, {""axis"": ""健診"", ""cols"": [""追加項目・頻度"", ""定期・雇入れ時""]}, {""axis"": ""面接"", ""cols"": [""深夜業面接指導"", ""長時間・ストレスは別""]}, {""axis"": ""試験"", ""cols"": [""「深夜」「追加」"", ""「一般と同一」""]}, {""axis"": ""混同"", ""cols"": [""深夜も一般のみ"", ""面接不要""]}]",日勤と夜勤の健康管理｜第一種,深夜業従事者には健康診断の追加項目・面接指導等の特別な配慮があります。長時間労働者面接指導・ストレスチェックと制度を混同しないでください。,深夜業は追加健診;面接指導あり;一般定期と別枠;記録保存,一般健診のみ;深夜業面接不要;ストレスで代替,「深夜＝追加健診・面接」。,夜勤・交代勤務の健康影響;定期健康診断／雇入時／特殊健康診断;産業医面接指導と就業上の措置,「日勤健診と夜勤・深夜業の健康管理」の試験での位置づけは？,深夜業従事者には健康診断の追加項目・面接指導等の特別な配慮があります。長時間労働者面接指導・ストレスチェックと制度を混同しないでください。 試験では深夜業は追加健診を軸に、関連条文・数値・主体の取り違えを照合してください。,「日勤健診と夜勤・深夜業の健康管理」でよくある誤答パターンは？,一般健診のみ;深夜業面接不要;ストレスで代替 誤答肢では面接指導ありの主語や条件が入れ替わることが多いので、比較表で整理してください。 過去問で正誤の型を分類し、試験要項で数値・期限を照合してください。,「日勤健診と夜勤・深夜業の健康管理」の覚え方・確認手順は？,「日勤健診と夜勤・深夜業の健康管理」では深夜業は追加健診を軸に、条文・数値・主体の取り違えを比較表で整理してください。 典型誤答は一般健診のみ;深夜業面接不要;ストレスで代替。 過去問では条件文の主語入れ替え肢に注意してください。,「日勤健診と夜勤・深夜業の健康管理」の公式情報はどこで確認しますか？,「日勤健診と夜勤・深夜業の健康管理」では深夜業は追加健診を軸に、条文・数値・主体の取り違えを比較表で整理してください。 典型誤答は一般健診のみ;深夜業面接不要;ストレスで代替。 過去問では条件文の主語入れ替え肢に注意してください。,
shindo-soryo-higai,振動障害と騒音障害,労働衛生,振動;騒音,振動工具等による振動障害と、騒音による聴力障害の原因・評価・防止措置の違いを整理します。,振動障害（手指末梢振動）;耳せつ・耳あての減衰値と保守,"[{""axis"": ""原因"", ""cols"": [""振動工具・振動作業"", ""騒音ばく露""]}, {""axis"": ""評価"", ""cols"": [""振動加速度等"", ""dB(A)・等価騒音レベル""]}, {""axis"": ""防止"", ""cols"": [""作業時間短縮・器具"", ""低減・耳栓・聴力検査""]}, {""axis"": ""試験"", ""cols"": [""「振動」「レイトレー」"", ""「85dB」「90dB」""]}, {""axis"": ""混同"", ""cols"": [""騒音対策で振動防止"", ""耳栓のみで振動対策""]}]",振動障害と騒音障害｜第一種,振動は手足の血管・神経障害、騒音は聴力障害が中心です。評価量・管理措置・健康診断の追加項目が異なります。,評価量が異なる;防止策も別;聴力検査は騒音;振動は作業時間管理,dBで振動評価;耳栓で振動対策完了;同一管理,「振動＝工具・時間」「騒音＝dB(A)・聴力」。,耳せつ・耳あての減衰値と保守;作業環境測定;定期健康診断／雇入時／特殊健康診断;振動（全身・局所・加速度・周波数重み付け）;騒音（等価騒音レベル・オクターブバンド）,「振動障害と騒音障害」の試験での位置づけは？,振動は手足の血管・神経障害、騒音は聴力障害が中心です。評価量・管理措置・健康診断の追加項目が異なります。 試験では評価量が異なるを軸に、関連条文・数値・主体の取り違えを照合してください。 過去問で正誤の型を分類し、試験要項で数値・期限を照合してください。,「振動障害と騒音障害」でよくある誤答パターンは？,dBで振動評価;耳栓で振動対策完了;同一管理 誤答肢では防止策も別の主語や条件が入れ替わることが多いので、比較表で整理してください。 過去問で正誤の型を分類し、試験要項で数値・期限を照合してください。,「振動障害と騒音障害」の覚え方・確認手順は？,「振動障害と騒音障害」では評価量が異なるを軸に、条文・数値・主体の取り違えを比較表で整理してください。 典型誤答はdBで振動評価;耳栓で振動対策完了;同一管理。 過去問では条件文の主語入れ替え肢に注意してください。,「振動障害と騒音障害」の公式情報はどこで確認しますか？,「振動障害と騒音障害」では評価量が異なるを軸に、条文・数値・主体の取り違えを比較表で整理してください。 典型誤答はdBで振動評価;耳栓で振動対策完了;同一管理。 過去問では条件文の主語入れ替え肢に注意してください。,
sekininsha-iinkai,安全衛生責任者と委員会,関係法令,安全衛生責任者;委員会,安全衛生責任者・安全管理者等の設置と、安全衛生委員会・衛生委員会の違いを整理します。,安全衛生責任者;委員会,"[{""axis"": ""制度"", ""cols"": [""現場の統括・指揮"", ""審議・意見具申""]}, {""axis"": ""規模"", ""cols"": [""事業場・作業場単位"", ""50人以上・10人以上等""]}, {""axis"": ""構成"", ""cols"": [""責任者・管理者"", ""委員長・衛生管理者等""]}, {""axis"": ""試験"", ""cols"": [""「統括」"", ""「審議」""]}, {""axis"": ""混同"", ""cols"": [""責任者＝委員長のみ"", ""委員会不要""]}]",安全衛生責任者と委員会｜第一種,安全衛生責任者等は現場における統括、委員会は審議・協議の機関です。衛生管理者の選任・職務とは別に、人数基準と役割を表で整理してください。,責任者は統括;委員会は審議;人数基準別;衛生管理者は別制度,責任者で委員会代替;委員会不要;同一職務,「現場統括＝責任者」「審議＝委員会」。,衛生委員会／安全衛生委員会;衛生委員会;衛生管理者（選任・常勤・専任・資格区分）,「安全衛生責任者と委員会」の試験での位置づけは？,安全衛生責任者等は現場における統括、委員会は審議・協議の機関です。衛生管理者の選任・職務とは別に、人数基準と役割を表で整理してください。 試験では責任者は統括を軸に、関連条文・数値・主体の取り違えを照合してください。,「安全衛生責任者と委員会」でよくある誤答パターンは？,「安全衛生責任者と委員会」では責任者は統括を軸に、条文・数値・主体の取り違えを比較表で整理してください。 典型誤答は責任者で委員会代替;委員会不要;同一職務。 過去問では条件文の主語入れ替え肢に注意してください。,「安全衛生責任者と委員会」の覚え方・確認手順は？,「安全衛生責任者と委員会」では責任者は統括を軸に、条文・数値・主体の取り違えを比較表で整理してください。 典型誤答は責任者で委員会代替;委員会不要;同一職務。 過去問では条件文の主語入れ替え肢に注意してください。,「安全衛生責任者と委員会」の公式情報はどこで確認しますか？,「安全衛生責任者と委員会」では責任者は統括を軸に、条文・数値・主体の取り違えを比較表で整理してください。 典型誤答は責任者で委員会代替;委員会不要;同一職務。 過去問では条件文の主語入れ替え肢に注意してください。,
tokutei-kagaku-kubun,特定化学物質と第1〜第3管理区分,労働衛生,特定化学物質;管理区分,特定化学物質の作業環境管理区分・測定・記録の違いを整理します。,第1管理区分;第2管理区分;第3管理区分,"[{""axis"": ""区分"", ""cols"": [""第1管理区分"", ""第2管理区分"", ""第3管理区分""]}, {""axis"": ""測定"", ""cols"": [""年2回等"", ""年1回等"", ""原則不要等""]}, {""axis"": ""記録"", ""cols"": [""測定記録・管理簿"", ""測定記録・管理簿"", ""簡易な管理""]}, {""axis"": ""試験"", ""cols"": [""「年2回」"", ""「年1回」"", ""「不要」肢に注意""]}, {""axis"": ""混同"", ""cols"": [""すべて年1回"", ""区分不要"", ""記録不要""]}]",特定化学物質と管理区分｜第一種,特定化学物質は物質・濃度により第1〜第3管理区分が定められ、測定頻度・管理方法が変わります。第一種では区分表と頻度の数値が本番出題の中心です。,物質で区分;頻度が変わる;測定記録;改善措置まで一連,区分不要;すべて同一頻度;記録省略,「物質→区分→頻度→記録→改善」。,特定化学物質障害予防規則（区分・技術的措置）;作業環境評価基準・管理区分（第1～第3）;作業環境測定,「特定化学物質と第1〜第3管理区分」の試験での位置づけは？,特定化学物質は物質・濃度により第1〜第3管理区分が定められ、測定頻度・管理方法が変わります。第一種では区分表と頻度の数値が本番出題の中心です。 試験では物質で区分を軸に、関連条文・数値・主体の取り違えを照合してください。,「特定化学物質と第1〜第3管理区分」でよくある誤答パターンは？,「特定化学物質と第1〜第3管理区分」では物質で区分を軸に、条文・数値・主体の取り違えを比較表で整理してください。 典型誤答は区分不要;すべて同一頻度;記録省略。 過去問では条件文の主語入れ替え肢に注意してください。,「特定化学物質と第1〜第3管理区分」の覚え方・確認手順は？,「特定化学物質と第1〜第3管理区分」では物質で区分を軸に、条文・数値・主体の取り違えを比較表で整理してください。 典型誤答は区分不要;すべて同一頻度;記録省略。 過去問では条件文の主語入れ替え肢に注意してください。,「特定化学物質と第1〜第3管理区分」の公式情報はどこで確認しますか？,「特定化学物質と第1〜第3管理区分」では物質で区分を軸に、条文・数値・主体の取り違えを比較表で整理してください。 典型誤答は区分不要;すべて同一頻度;記録省略。 過去問では条件文の主語入れ替え肢に注意してください。,
en-tetra-zenki,鉛・四アルキル鉛と前処理・管理,労働衛生,鉛;四アルキル鉛,鉛業務・四アルキル鉛業務の作業環境測定・健康診断・管理の違いを整理します。,特殊健康診断（鉛）;特殊健康診断（四アルキル鉛）,"[{""axis"": ""対象"", ""cols"": [""鉛・鉛化合物等"", ""四アルキル鉛""]}, {""axis"": ""測定"", ""cols"": [""作業環境測定・管理区分"", ""作業環境測定等""]}, {""axis"": ""健診"", ""cols"": [""鉛健康診断等"", ""特殊健康診断等""]}, {""axis"": ""試験"", ""cols"": [""「鉛」"", ""「四アルキル」""]}, {""axis"": ""混同"", ""cols"": [""同一手続"", ""健診不要""]}]",鉛・四アルキル鉛の管理｜第一種,鉛と四アルキル鉛はそれぞれ告示・規則で管理区分・健診・保護具が定められます。第一種では数値・頻度が頻出です。,物質ごとに区分・健診;測定記録;保護具;総まとめ数値,鉛と四アルキルを同一;健診省略;測定不要,「鉛＝鉛健診」「四アルキル＝特殊管理」。,作業環境測定;作業環境評価基準・管理区分（第1～第3）;衛生工学衛生管理者,「鉛・四アルキル鉛と前処理・管理」の試験での位置づけは？,鉛と四アルキル鉛はそれぞれ告示・規則で管理区分・健診・保護具が定められます。第一種では数値・頻度が頻出です。 試験では物質ごとに区分・健診を軸に、関連条文・数値・主体の取り違えを照合してください。 過去問で正誤の型を分類し、試験要項で数値・期限を照合してください。,「鉛・四アルキル鉛と前処理・管理」でよくある誤答パターンは？,「鉛・四アルキル鉛と前処理・管理」では物質ごとに区分・健診を軸に、条文・数値・主体の取り違えを比較表で整理してください。 典型誤答は鉛と四アルキルを同一;健診省略;測定不要。 過去問では条件文の主語入れ替え肢に注意してください。,「鉛・四アルキル鉛と前処理・管理」の覚え方・確認手順は？,「鉛・四アルキル鉛と前処理・管理」では物質ごとに区分・健診を軸に、条文・数値・主体の取り違えを比較表で整理してください。 典型誤答は鉛と四アルキルを同一;健診省略;測定不要。 過去問では条件文の主語入れ替え肢に注意してください。,「鉛・四アルキル鉛と前処理・管理」の公式情報はどこで確認しますか？,「鉛・四アルキル鉛と前処理・管理」では物質ごとに区分・健診を軸に、条文・数値・主体の取り違えを比較表で整理してください。 典型誤答は鉛と四アルキルを同一;健診省略;測定不要。 過去問では条件文の主語入れ替え肢に注意してください。,
ishiwa-yuki-yozai,石綿と有機溶剤の管理,労働衛生,石綿;有機溶剤,石綿障害防止規則と有機溶剤衛生管理規則の目的・手続の違いを整理します。,石綿（健康影響）;有機溶剤中毒予防規則（区分・局所排気・評価）,"[{""axis"": ""目的"", ""cols"": [""石綿ばく露防止"", ""有機溶剤による健康障害防止""]}, {""axis"": ""手続"", ""cols"": [""事前調査・作業記録等"", ""第1〜第3管理区分・測定""]}, {""axis"": ""健診"", ""cols"": [""石綿健康診断等"", ""有機溶剤健康診断等""]}, {""axis"": ""試験"", ""cols"": [""「飛散性」"", ""「管理区分」""]}, {""axis"": ""混同"", ""cols"": [""同一規則"", ""健診同一""]}]",石綿と有機溶剤の管理｜第一種,石綿は飛散性粉じん・作業記録、有機溶剤は管理区分・測定・健康診断が中心です。第一種では両方が出題範囲です。,法令が異なる;手続が異なる;健診項目も別;物質名で分類,石綿＝有機溶剤と同一;測定不要;記録不要,「石綿＝飛散性・記録」「有機溶剤＝区分・測定」。,作業環境評価基準・管理区分（第1～第3）;作業環境測定;衛生工学衛生管理者;石綿（健康影響）,「石綿と有機溶剤の管理」の試験での位置づけは？,石綿は飛散性粉じん・作業記録、有機溶剤は管理区分・測定・健康診断が中心です。第一種では両方が出題範囲です。 試験では法令が異なるを軸に、関連条文・数値・主体の取り違えを照合してください。 過去問で正誤の型を分類し、試験要項で数値・期限を照合してください。,「石綿と有機溶剤の管理」でよくある誤答パターンは？,「石綿と有機溶剤の管理」では法令が異なるを軸に、条文・数値・主体の取り違えを比較表で整理してください。 典型誤答は石綿＝有機溶剤と同一;測定不要;記録不要。 過去問では条件文の主語入れ替え肢に注意してください。,「石綿と有機溶剤の管理」の覚え方・確認手順は？,「石綿と有機溶剤の管理」では法令が異なるを軸に、条文・数値・主体の取り違えを比較表で整理してください。 典型誤答は石綿＝有機溶剤と同一;測定不要;記録不要。 過去問では条件文の主語入れ替え肢に注意してください。,「石綿と有機溶剤の管理」の公式情報はどこで確認しますか？,「石綿と有機溶剤の管理」では法令が異なるを軸に、条文・数値・主体の取り違えを比較表で整理してください。 典型誤答は石綿＝有機溶剤と同一;測定不要;記録不要。 過去問では条件文の主語入れ替え肢に注意してください。,
kiken-chemical-tetsuzuki,危険物と化学物質の管理手続,労働衛生,危険物;化学物質,危険物の取扱いと、化学物質等による危険性等の調査・リスクアセスメントの違いを整理します。,危険物（指定数量・貯蔵）;リスクアセスメント（化学・作業環境）,"[{""axis"": ""法令"", ""cols"": [""消防法・危険物保安規則等"", ""労働安全衛生法・化学物質管理""]}, {""axis"": ""目的"", ""cols"": [""火災・爆発防止"", ""ばく露・健康影響防止""]}, {""axis"": ""手続"", ""cols"": [""指定数量・貯蔵"", ""SDS・調査・アセスメント""]}, {""axis"": ""試験"", ""cols"": [""「指定数量」"", ""「SDS」「ばく露」""]}, {""axis"": ""混同"", ""cols"": [""危険物＝SDSのみ"", ""化学物質＝消防のみ""]}]",危険物と化学物質管理｜第一種,危険物は火災・爆発の安全管理、化学物質管理は職場でのばく露防止が中心です。第一種では化学物質の基本手順がより重要ですが、危険物との法令の切り分けも問われます。,法令が異なる;目的が異なる;SDSは化学物質;指定数量は危険物,同一手続;SDSで火災防止完了;調査不要,「火災＝危険物」「ばく露＝化学物質」。,リスクアセスメント;労働安全衛生法,「危険物と化学物質の管理手続」の試験での位置づけは？,危険物は火災・爆発の安全管理、化学物質管理は職場でのばく露防止が中心です。第一種では化学物質の基本手順がより重要ですが、危険物との法令の切り分けも問われます。 試験では法令が異なるを軸に、関連条文・数値・主体の取り違えを照合してください。,「危険物と化学物質の管理手続」でよくある誤答パターンは？,「危険物と化学物質の管理手続」では法令が異なるを軸に、条文・数値・主体の取り違えを比較表で整理してください。 典型誤答は同一手続;SDSで火災防止完了;調査不要。 過去問では条件文の主語入れ替え肢に注意してください。,「危険物と化学物質の管理手続」の覚え方・確認手順は？,「危険物と化学物質の管理手続」では法令が異なるを軸に、条文・数値・主体の取り違えを比較表で整理してください。 典型誤答は同一手続;SDSで火災防止完了;調査不要。 過去問では条件文の主語入れ替え肢に注意してください。,「危険物と化学物質の管理手続」の公式情報はどこで確認しますか？,「危険物と化学物質の管理手続」では法令が異なるを軸に、条文・数値・主体の取り違えを比較表で整理してください。 典型誤答は同一手続;SDSで火災防止完了;調査不要。 過去問では条件文の主語入れ替え肢に注意してください。,
sagyo-shunin-seido,作業主任者制度の種類と選任,関係法令,作業主任者;選任,掘削・解体・はい作業等、作業主任者制度の対象作業・選任・技能講習の違いを整理します。,作業主任者（選任・職務）;作業主任者（選任・職務）,"[{""axis"": ""対象"", ""cols"": [""掘削・解体・はい等"", ""作業の種類ごとに規定""]}, {""axis"": ""選任"", ""cols"": [""事業者が選任"", ""技能講習修了者等""]}, {""axis"": ""職務"", ""cols"": [""指揮・監督"", ""当該作業に限定""]}, {""axis"": ""試験"", ""cols"": [""「指揮・監督」"", ""「衛生管理者と別」""]}, {""axis"": ""混同"", ""cols"": [""衛生管理者が指揮"", ""選任不要""]}]",作業主任者制度の種類｜第一種,第一種試験では作業主任者が必要な作業の種類・選任要件・職務を条文ベースで区別する問題が頻出です。衛生管理者の事業場総括との役割分担もセットで整理してください。,作業種類ごとに選任;技能講習;指揮・監督;衛生管理者と別,衛生管理者が解体指揮;選任不要;同一資格,「危険作業の指揮＝作業主任者」。,労働安全衛生法;衛生工学衛生管理者;衛生管理者（選任・常勤・専任・資格区分）;作業主任者（各種危険有害業務）,「作業主任者制度の種類と選任」の試験での位置づけは？,第一種試験では作業主任者が必要な作業の種類・選任要件・職務を条文ベースで区別する問題が頻出です。衛生管理者の事業場総括との役割分担もセットで整理してください。 試験では作業種類ごとに選任を軸に、関連条文・数値・主体の取り違えを照合してください。,「作業主任者制度の種類と選任」でよくある誤答パターンは？,「作業主任者制度の種類と選任」では作業種類ごとに選任を軸に、条文・数値・主体の取り違えを比較表で整理してください。 典型誤答は衛生管理者が解体指揮;選任不要;同一資格。 過去問では条件文の主語入れ替え肢に注意してください。,「作業主任者制度の種類と選任」の覚え方・確認手順は？,「作業主任者制度の種類と選任」では作業種類ごとに選任を軸に、条文・数値・主体の取り違えを比較表で整理してください。 典型誤答は衛生管理者が解体指揮;選任不要;同一資格。 過去問では条件文の主語入れ替え肢に注意してください。,「作業主任者制度の種類と選任」の公式情報はどこで確認しますか？,「作業主任者制度の種類と選任」では作業種類ごとに選任を軸に、条文・数値・主体の取り違えを比較表で整理してください。 典型誤答は衛生管理者が解体指揮;選任不要;同一資格。 過去問では条件文の主語入れ替え肢に注意してください。,
tokutei-kagaku-daini,特定化学物質第一種と第二種,労働衛生,特定化学物質;第二種,特定化学物質障害予防規則における第一種・第二種物質の管理区分・測定・記録の違いを整理します。,特定化学物質障害予防規則（区分・技術的措置）;特定化学物質障害予防規則（区分・技術的措置）,"[{""axis"": ""分類"", ""cols"": [""第一種物質"", ""第二種物質""]}, {""axis"": ""管理"", ""cols"": [""厳格な管理区分"", ""管理区分・測定""]}, {""axis"": ""測定"", ""cols"": [""頻度・方法が定め"", ""区分により異なる""]}, {""axis"": ""健診"", ""cols"": [""特殊健康診断等"", ""業務に応じ実施""]}, {""axis"": ""混同"", ""cols"": [""同一管理"", ""測定不要""]}]",特定化学物質第一種・第二種｜第一種,第一種試験では特定化学物質の分類・管理区分・測定頻度・改善措置が本番出題の中心です。物質名から第一種・第二種を判断する練習も重要です。,物質分類→区分;頻度・記録;健診・保護具;改善措置まで,第一種第二種同一;測定省略;記録不要,「物質→区分→頻度→記録→改善」。,特定化学物質障害予防規則（区分・技術的措置）;作業環境評価基準・管理区分（第1～第3）;作業環境測定,「特定化学物質第一種と第二種」の試験での位置づけは？,第一種試験では特定化学物質の分類・管理区分・測定頻度・改善措置が本番出題の中心です。物質名から第一種・第二種を判断する練習も重要です。 試験では物質分類→区分を軸に、関連条文・数値・主体の取り違えを照合してください。,「特定化学物質第一種と第二種」でよくある誤答パターンは？,「特定化学物質第一種と第二種」では物質分類→区分を軸に、条文・数値・主体の取り違えを比較表で整理してください。 典型誤答は第一種第二種同一;測定省略;記録不要。 過去問では条件文の主語入れ替え肢に注意してください。,「特定化学物質第一種と第二種」の覚え方・確認手順は？,「特定化学物質第一種と第二種」では物質分類→区分を軸に、条文・数値・主体の取り違えを比較表で整理してください。 典型誤答は第一種第二種同一;測定省略;記録不要。 過去問では条件文の主語入れ替え肢に注意してください。,「特定化学物質第一種と第二種」の公式情報はどこで確認しますか？,「特定化学物質第一種と第二種」では物質分類→区分を軸に、条文・数値・主体の取り違えを比較表で整理してください。 典型誤答は第一種第二種同一;測定省略;記録不要。 過去問では条件文の主語入れ替え肢に注意してください。,
ishiwa-kenchiku-bou,石綿作業と建築物石綿調査,労働衛生,石綿;建築物,石綿障害防止規則の作業管理と、建築物等の石綿含有調査・記録の違いを整理します。,石綿（健康影響）;石綿（健康影響）,"[{""axis"": ""対象"", ""cols"": [""石綿作業・ばく露"", ""建築物等の調査""]}, {""axis"": ""手続"", ""cols"": [""作業記録・保護具"", ""事前調査・記録""]}, {""axis"": ""区分"", ""cols"": [""飛散性・非飛散性"", ""含有建材の把握""]}, {""axis"": ""健診"", ""cols"": [""石綿健康診断等"", ""作業者の健康管理""]}, {""axis"": ""混同"", ""cols"": [""調査で作業代替"", ""記録不要""]}]",石綿作業と建築物調査｜第一種,石綿は作業場でのばく露管理と、建築物等における含有調査・情報提供が論点になります。第一種では両方の手続・記録を区別して学習してください。,作業管理と建築物調査は別;飛散性区分;作業記録;健診・保護具,建築物調査のみで作業可;飛散性不要;記録省略,「作業＝ばく露管理」「建築物＝含有調査」。,石綿（健康影響）;作業環境測定;衛生工学衛生管理者,「石綿作業と建築物石綿調査」の試験での位置づけは？,石綿は作業場でのばく露管理と、建築物等における含有調査・情報提供が論点になります。第一種では両方の手続・記録を区別して学習してください。 試験では作業管理と建築物調査は別を軸に、関連条文・数値・主体の取り違えを照合してください。,「石綿作業と建築物石綿調査」でよくある誤答パターンは？,建築物調査のみで作業可;飛散性不要;記録省略 誤答肢では飛散性区分の主語や条件が入れ替わることが多いので、比較表で整理してください。 過去問で正誤の型を分類し、試験要項で数値・期限を照合してください。,「石綿作業と建築物石綿調査」の覚え方・確認手順は？,「石綿作業と建築物石綿調査」では作業管理と建築物調査は別を軸に、条文・数値・主体の取り違えを比較表で整理してください。 典型誤答は建築物調査のみで作業可;飛散性不要;記録省略。 過去問では条件文の主語入れ替え肢に注意してください。,「石綿作業と建築物石綿調査」の公式情報はどこで確認しますか？,「石綿作業と建築物石綿調査」では作業管理と建築物調査は別を軸に、条文・数値・主体の取り違えを比較表で整理してください。 典型誤答は建築物調査のみで作業可;飛散性不要;記録省略。 過去問では条件文の主語入れ替え肢に注意してください。,
yukibaiyo-daiichi,有機溶剤第一種と第二種管理,労働衛生,有機溶剤;管理区分,有機溶剤衛生管理規則における第一種・第二種・第三種管理区分の違いを整理します。,有機溶剤中毒予防規則（区分・局所排気・評価）;有機溶剤中毒予防規則（区分・局所排気・評価）;有機溶剤中毒予防規則（区分・局所排気・評価）,"[{""axis"": ""区分"", ""cols"": [""第1管理区分"", ""第2管理区分"", ""第3管理区分""]}, {""axis"": ""測定"", ""cols"": [""年2回等"", ""年1回等"", ""原則不要等""]}, {""axis"": ""設備"", ""cols"": [""局所排気等"", ""換気・保護具"", ""簡易管理""]}, {""axis"": ""健診"", ""cols"": [""有機溶剤健診"", ""区分に応じ"", ""必要に応じ""]}, {""axis"": ""混同"", ""cols"": [""すべて同一"", ""第2も同一"", ""測定不要""]}]",有機溶剤管理区分｜第一種,有機溶剤は第1〜第3管理区分により測定頻度・局所排気・健康診断が変わります。第一種では区分と数値の対応が頻出です。,区分→頻度→局所排気;健診;測定記録;改善措置,区分不要;すべて年1回;記録省略,「区分→頻度→設備→健診」。,有機溶剤中毒予防規則（区分・局所排気・評価）;作業環境評価基準・管理区分（第1～第3）;作業環境測定,「有機溶剤第一種と第二種管理」の試験での位置づけは？,有機溶剤は第1〜第3管理区分により測定頻度・局所排気・健康診断が変わります。第一種では区分と数値の対応が頻出です。 試験では区分→頻度→局所排気を軸に、関連条文・数値・主体の取り違えを照合してください。,「有機溶剤第一種と第二種管理」でよくある誤答パターンは？,「有機溶剤第一種と第二種管理」では区分→頻度→局所排気を軸に、条文・数値・主体の取り違えを比較表で整理してください。 典型誤答は区分不要;すべて年1回;記録省略。 過去問では条件文の主語入れ替え肢に注意してください。,「有機溶剤第一種と第二種管理」の覚え方・確認手順は？,「有機溶剤第一種と第二種管理」では区分→頻度→局所排気を軸に、条文・数値・主体の取り違えを比較表で整理してください。 典型誤答は区分不要;すべて年1回;記録省略。 過去問では条件文の主語入れ替え肢に注意してください。,「有機溶剤第一種と第二種管理」の公式情報はどこで確認しますか？,「有機溶剤第一種と第二種管理」では区分→頻度→局所排気を軸に、条文・数値・主体の取り違えを比較表で整理してください。 典型誤答は区分不要;すべて年1回;記録省略。 過去問では条件文の主語入れ替え肢に注意してください。,
daiichi-44mon-haibun,44問5範囲の出題配分,関係法令,44問;出題範囲,第一種試験44問・5範囲（有害業務含む）の科目配分と合格基準の関係を整理します。,衛生工学衛生管理者（有害業務での選任）;衛生工学衛生管理者（有害業務での選任）,"[{""axis"": ""問題数"", ""cols"": [""44問"", ""第二種30問""]}, {""axis"": ""範囲"", ""cols"": [""5範囲・有害含む"", ""3科目・有害以外""]}, {""axis"": ""配点"", ""cols"": [""400点満点"", ""300点満点""]}, {""axis"": ""合格"", ""cols"": [""240点・各40点"", ""180点・各40点""]}, {""axis"": ""混同"", ""cols"": [""30問"", ""有害以外""]}]",44問5範囲配分｜第一種,第一種は44問・400点・240点合格・各科目40点以上です。5範囲（有害業務含む）の配分を要項で確認し、第二種30問と混同しないでください。数値・日程・合格基準は公益財団法人 安全衛生技術試験協会（www.exam.or.jp）の試験要項で必ずご確認ください。,44・400・240・40;5範囲;有害業務含む;バランス学習,30問で一種;240点不要;有害業務除外,「44・400・240・5範囲」。,衛生工学衛生管理者;衛生管理者（選任・常勤・専任・資格区分）;労働安全衛生法,「44問5範囲の出題配分」の試験での位置づけは？,第一種は44問・400点・240点合格・各科目40点以上です。5範囲（有害業務含む）の配分を要項で確認し、第二種30問と混同しないでください。数値・日程・合格基準は公益財団法人 安全衛生技術試験協会（www.exam.or.jp）の試験要… 試験では44・400・240・40を軸に、関連条文・数値・主体の取り違えを照合してください。,「44問5範囲の出題配分」でよくある誤答パターンは？,「44問5範囲の出題配分」では44・400・240・40を軸に、条文・数値・主体の取り違えを比較表で整理してください。 典型誤答は30問で一種;240点不要;有害業務除外。 過去問では条件文の主語入れ替え肢に注意してください。,「44問5範囲の出題配分」の覚え方・確認手順は？,「44問5範囲の出題配分」では44・400・240・40を軸に、条文・数値・主体の取り違えを比較表で整理してください。 典型誤答は30問で一種;240点不要;有害業務除外。 過去問では条件文の主語入れ替え肢に注意してください。,「44問5範囲の出題配分」の公式情報はどこで確認しますか？,「44問5範囲の出題配分」では44・400・240・40を軸に、条文・数値・主体の取り違えを比較表で整理してください。 典型誤答は30問で一種;240点不要;有害業務除外。 過去問では条件文の主語入れ替え肢に注意してください。,
kanri-kubun-123,第1〜第3管理区分の比較,労働衛生,管理区分;作業環境,作業環境管理区分第1〜第3の測定頻度・記録・改善措置の違いを整理します。,第1管理区分;第2管理区分;第3管理区分,"[{""axis"": ""測定"", ""cols"": [""年2回等"", ""年1回等"", ""原則不要等""]}, {""axis"": ""記録"", ""cols"": [""測定記録・管理簿"", ""測定記録・管理簿"", ""簡易管理""]}, {""axis"": ""改善"", ""cols"": [""超過時措置"", ""超過時措置"", ""必要に応じ""]}, {""axis"": ""試験"", ""cols"": [""「年2回」"", ""「年1回」"", ""「不要」肢注意""]}, {""axis"": ""混同"", ""cols"": [""すべて年1回"", ""第3も年1回"", ""区分不要""]}]",第1〜第3管理区分｜第一種,有害物等の種類・濃度により管理区分が定められ、測定頻度・管理方法が変わります。第一種では区分と数値の対応表が本番の必須暗記項目です。,区分で頻度が変わる;測定→記録→改善;A/B/C測定;物質別,区分不要;すべて同一頻度;記録省略,「物質→区分→頻度→記録→改善」。,作業環境評価基準・管理区分（第1～第3）;作業環境測定;記録の作成・保存（測定・健康診断・教育等）,「第1〜第3管理区分の比較」の試験での位置づけは？,有害物等の種類・濃度により管理区分が定められ、測定頻度・管理方法が変わります。第一種では区分と数値の対応表が本番の必須暗記項目です。 試験では区分で頻度が変わるを軸に、関連条文・数値・主体の取り違えを照合してください。,「第1〜第3管理区分の比較」でよくある誤答パターンは？,「第1〜第3管理区分の比較」では区分で頻度が変わるを軸に、条文・数値・主体の取り違えを比較表で整理してください。 典型誤答は区分不要;すべて同一頻度;記録省略。 過去問では条件文の主語入れ替え肢に注意してください。,「第1〜第3管理区分の比較」の覚え方・確認手順は？,「第1〜第3管理区分の比較」では区分で頻度が変わるを軸に、条文・数値・主体の取り違えを比較表で整理してください。 典型誤答は区分不要;すべて同一頻度;記録省略。 過去問では条件文の主語入れ替え肢に注意してください。,「第1〜第3管理区分の比較」の公式情報はどこで確認しますか？,「第1〜第3管理区分の比較」では区分で頻度が変わるを軸に、条文・数値・主体の取り違えを比較表で整理してください。 典型誤答は区分不要;すべて同一頻度;記録省略。 過去問では条件文の主語入れ替え肢に注意してください。,
yugai-gyoumu-sennin,有害業務と専任衛生管理者,労働衛生,有害業務;専任,有害業務を行う事業場における第一種衛生管理者の選任・専任性・30人超の要件を整理します。,専任の衛生管理者（有害業務30人超）;衛生工学衛生管理者（有害業務での選任）,"[{""axis"": ""選任"", ""cols"": [""第一種衛生管理者"", ""有害業務の事業場""]}, {""axis"": ""専任"", ""cols"": [""原則専任"", ""30人超等の要件""]}, {""axis"": ""巡視"", ""cols"": [""定期巡視"", ""作業場確認""]}, {""axis"": ""試験"", ""cols"": [""「30人」"", ""「兼務自由」""]}, {""axis"": ""混同"", ""cols"": [""第二種で有害"", ""巡視不要""]}]",有害業務と専任衛生管理者｜第一種,有害業務を行う事業場では第一種衛生管理者の選任が必要です。専任性・30人超の要件・巡視が頻出です。,有害＝一種;専任・30人;巡視義務;選解任手続,二種で有害担当;兼務無制限;巡視不要,「有害＝一種・専任・巡視」。,専任の衛生管理者（有害業務30人超）;衛生管理者（選任・常勤・専任・資格区分）;衛生工学衛生管理者,「有害業務と専任衛生管理者」の試験での位置づけは？,有害業務を行う事業場では第一種衛生管理者の選任が必要です。専任性・30人超の要件・巡視が頻出です。 試験では有害＝一種を軸に、関連条文・数値・主体の取り違えを照合してください。 過去問で正誤の型を分類し、試験要項で数値・期限を照合してください。,「有害業務と専任衛生管理者」でよくある誤答パターンは？,「有害業務と専任衛生管理者」では有害＝一種を軸に、条文・数値・主体の取り違えを比較表で整理してください。 典型誤答は二種で有害担当;兼務無制限;巡視不要。 過去問では条件文の主語入れ替え肢に注意してください。,「有害業務と専任衛生管理者」の覚え方・確認手順は？,「有害業務と専任衛生管理者」では有害＝一種を軸に、条文・数値・主体の取り違えを比較表で整理してください。 典型誤答は二種で有害担当;兼務無制限;巡視不要。 過去問では条件文の主語入れ替え肢に注意してください。,「有害業務と専任衛生管理者」の公式情報はどこで確認しますか？,「有害業務と専任衛生管理者」では有害＝一種を軸に、条文・数値・主体の取り違えを比較表で整理してください。 典型誤答は二種で有害担当;兼務無制限;巡視不要。 過去問では条件文の主語入れ替え肢に注意してください。,
tokushu-teiki-kenshin,特殊健康診断と定期健康診断,労働衛生,特殊健康診断;定期健康診断,一般労働者の定期健康診断と、特定有害業務の特殊健康診断の対象・項目・頻度の違いを整理します。,定期健康診断／雇入時／特殊健康診断;定期健康診断／雇入時／特殊健康診断,"[{""axis"": ""対象"", ""cols"": [""一般労働者"", ""特定有害業務従事者""]}, {""axis"": ""目的"", ""cols"": [""継続的健康管理"", ""特定障害の早期発見""]}, {""axis"": ""項目"", ""cols"": [""法定項目"", ""業務別追加項目""]}, {""axis"": ""頻度"", ""cols"": [""1年以内ごと等"", ""6か月ごと等""]}, {""axis"": ""混同"", ""cols"": [""定期のみで足りる"", ""特殊不要""]}]",特殊健診と定期健診｜第一種,第一種では特定化学物質・鉛・石綿・有機溶剤等の業務に応じた特殊健康診断が本番範囲です。定期健診だけでは代替できません。,業務→特殊健診;定期は一般;周期・項目が異なる;事後措置,定期で特殊代替;特殊健診不要;同一項目,「一般＝定期」「有害業務＝特殊」。,定期健康診断／雇入時／特殊健康診断;特殊健康診断;健康診断事後措置,「特殊健康診断と定期健康診断」の試験での位置づけは？,第一種では特定化学物質・鉛・石綿・有機溶剤等の業務に応じた特殊健康診断が本番範囲です。定期健診だけでは代替できません。 試験では業務→特殊健診を軸に、関連条文・数値・主体の取り違えを照合してください。,「特殊健康診断と定期健康診断」でよくある誤答パターンは？,「特殊健康診断と定期健康診断」では業務→特殊健診を軸に、条文・数値・主体の取り違えを比較表で整理してください。 典型誤答は定期で特殊代替;特殊健診不要;同一項目。 過去問では条件文の主語入れ替え肢に注意してください。,「特殊健康診断と定期健康診断」の覚え方・確認手順は？,「特殊健康診断と定期健康診断」では業務→特殊健診を軸に、条文・数値・主体の取り違えを比較表で整理してください。 典型誤答は定期で特殊代替;特殊健診不要;同一項目。 過去問では条件文の主語入れ替え肢に注意してください。,「特殊健康診断と定期健康診断」の公式情報はどこで確認しますか？,「特殊健康診断と定期健康診断」では業務→特殊健診を軸に、条文・数値・主体の取り違えを比較表で整理してください。 典型誤答は定期で特殊代替;特殊健診不要;同一項目。 過去問では条件文の主語入れ替え肢に注意してください。,
kagaku-sds-chousa,化学物質調査とSDS管理,労働衛生,化学物質;SDS,危険性等の調査・リスクアセスメントと、SDS交付・表示の関係を整理します。,リスクアセスメント（化学・作業環境）;化学物質管理者（選任・職務）,"[{""axis"": ""調査"", ""cols"": [""危険性等の調査"", ""ばく露の把握""]}, {""axis"": ""SDS"", ""cols"": [""交付・保管"", ""情報提供""]}, {""axis"": ""評価"", ""cols"": [""リスクアセスメント"", ""措置の検討""]}, {""axis"": ""表示"", ""cols"": [""容器・場所"", ""名称・注意喚起""]}, {""axis"": ""混同"", ""cols"": [""SDSのみで完了"", ""調査省略""]}]",化学物質調査とSDS｜第一種,化学物質管理は調査→リスクアセスメント→SDS・表示→教育等の一連手順です。SDS交付だけで管理完了とする肢に注意してください。,調査→評価→SDS→措置;記録・教育;義務主体;順序が重要,SDSのみで完了;調査不要;表示省略,「調査→評価→SDS→措置」。,リスクアセスメント;化学物質管理者（選任・職務）;労働安全衛生法,「化学物質調査とSDS管理」の試験での位置づけは？,化学物質管理は調査→リスクアセスメント→SDS・表示→教育等の一連手順です。SDS交付だけで管理完了とする肢に注意してください。 試験では調査→評価→SDS→措置を軸に、関連条文・数値・主体の取り違えを照合してください。,「化学物質調査とSDS管理」でよくある誤答パターンは？,「化学物質調査とSDS管理」では調査→評価→SDS→措置を軸に、条文・数値・主体の取り違えを比較表で整理してください。 典型誤答はSDSのみで完了;調査不要;表示省略。 過去問では条件文の主語入れ替え肢に注意してください。,「化学物質調査とSDS管理」の覚え方・確認手順は？,「化学物質調査とSDS管理」では調査→評価→SDS→措置を軸に、条文・数値・主体の取り違えを比較表で整理してください。 典型誤答はSDSのみで完了;調査不要;表示省略。 過去問では条件文の主語入れ替え肢に注意してください。,「化学物質調査とSDS管理」の公式情報はどこで確認しますか？,「化学物質調査とSDS管理」では調査→評価→SDS→措置を軸に、条文・数値・主体の取り違えを比較表で整理してください。 典型誤答はSDSのみで完了;調査不要;表示省略。 過去問では条件文の主語入れ替え肢に注意してください。,
sangyoui-senmon-eisei,産業医と衛生管理者の違い【試験範囲と職場での役割】,関係法令（有害以外）,第一種衛生管理者;試験ガイド,"職場の健康管理では産業医と衛生管理者が連携しますが、資格・選任要件・業務内容は異なります。試験学習でも混同しやすいので整理しておきましょう。

現場の衛生管理者・受験生の双方に役立つよう、第一種衛生管理者試験の出題傾向と学習の進め方をあわせ",産業医;衛生管理者,"[{""axis"": ""概要"", ""cols"": [""職場の健康管理では産業医と衛生管理者が連携しますが、資格・選任要件・業務内容は異なります。試験学習でも混同しやすいので整理しておきましょう。\n\n現場の衛生管理者・受験生の双方に役立つよう、第一種衛生管理者試験の出題傾向と学習の進め方をあわせて整理しています。\n\n現場の衛生管理者・受験生の双方に役立つよう、第一種衛生管理者試験の出題傾向と学習の進め方をあわせて整理しています。\n\n現場の衛生管理者・受験生の双方に役立つよう、第一種衛生管理者試験の出題傾向と学習の進め方をあわせて整理しています。"", """"]}, {""axis"": ""この記事でわかること"", ""cols"": [""本記事は、第一種衛生管理者試験の受験生向けに「産業医と衛生管理者の違い」を整理したガイドです（ジャンル：試験概要）。\n\n職場の健康管理では産業医と衛生管理者が連携しますが、資格・選任要件・業務内容は異なります。試験学習でも混同しやすいので整理しておきましょう。\n\n現場の衛生管理者・受験生の双方に役立つよう、第一種衛生管理者試験の出題傾向と学習の進め方をあわせて整理しています。\n\n現場の衛生管理者・受験生の双方に役立つよう、第一種衛生管理者試験の出題傾向と学習の進め方をあわせて整理しています。\n\n数値・期限・公式情報は年度で変わることがあるため、受験前には必ず試験実施団体の最新案内も確認してください。"", """"]}, {""axis"": ""産業医と衛生管理者の違い"", ""cols"": [""第一種衛生管理者試験のsangyoui senmon eiseiについて、「産業医と衛生管理者の違い」の観点で整理します。制度・数値・日程は年度や改正で変わるため、学習前と申込前には安全衛生技術試験協会（公式）の最新情報を確認してください。非公式まとめは参考程度にし、最終判断は必ず公式要項に置きます。\n\nこのサイトでは過去問・用語解説・比較表を組み合わせ、sangyoui senmon eiseiで迷った論点を解き直せます。間違えた問題は理由を短くメモし、関連用語で定義と選択肢の論点を確認してから同分野へ戻ると定着しやすくなります。"", """"]}, {""axis"": ""過去問・用語解説のつなげ方"", ""cols"": [""「産業医と衛生管理者の違い」のテーマは、過去問で「正しい説明に似せた誤り」として繰り返し出題されます。\n\n一衛マスターで該当分野の問題を解いたあと、間違えた選択肢のキーワードで用語解説一覧を検索し、定義・数値・主体の違いを1行メモにまとめてください。\n\n同じミスを3回以上繰り返す場合は、分野別の試験ガイド記事に戻り、表やチェックリストで整理し直すと改善が早いです。"", """"]}, {""axis"": ""学習チェックリスト"", ""cols"": [""第一種衛生管理者試験のsangyoui senmon eiseiについて、「学習チェックリスト」の観点で整理します。制度・数値・日程は年度や改正で変わるため、学習前と申込前には安全衛生技術試験協会（公式）の最新情報を確認してください。非公式まとめは参考程度にし、最終判断は必ず公式要項に置きます。\n\nこのサイトでは過去問・用語解説・比較表を組み合わせ、sangyoui senmon eiseiで迷った論点を解き直せます。間違えた問題は理由を短くメモし、関連用語で定義と選択肢の論点を確認してから同分野へ戻ると定着しやすくなります。"", """"]}, {""axis"": ""受験生がつまずきやすい点"", ""cols"": [""第一種衛生管理者試験のsangyoui senmon eiseiについて、「受験生がつまずきやすい点」の観点で整理します。制度・数値・日程は年度や改正で変わるため、学習前と申込前には安全衛生技術試験協会（公式）の最新情報を確認してください。非公式まとめは参考程度にし、最終判断は必ず公式要項に置きます。\n\nこのサイトでは過去問・用語解説・比較表を組み合わせ、sangyoui senmon eiseiで迷った論点を解き直せます。間違えた問題は理由を短くメモし、関連用語で定義と選択肢の論点を確認してから同分野へ戻ると定着しやすくなります。"", """"]}]",産業医と衛生管理者の違い【試験範囲と職場での役割】,"職場の健康管理では産業医と衛生管理者が連携しますが、資格・選任要件・業務内容は異なります。試験学習でも混同しやすいので整理しておきましょう。

現場の衛生管理者・受験生の双方に役立つよう、第一種衛生管理者試験の出題傾向と学習の進め方をあわせて整理しています。

現場の衛生管理者・受験生の双方に役立つよう、第一種衛生管理者試験の出題傾向と学習の進め方をあわせて整理しています。

現場の衛生管理者・受験生の双方に役立つよう、第一種衛生管理者試験の出題傾向と学習の進め方をあわせて整理しています。",選択肢の言い換えに注意する;数値・期限・主体をセットで確認する,"本記事は、第一種衛生管理者試験の受験生向けに「産業医と衛生管理者の違い」を整理したガイドです（ジャンル：試験概要）。

職場の健康管理では産業医と衛生管理者が連携しますが、資格・選任要件・業務内容は異なります。試験学習でも混同しやすいので整理しておきましょう。

現場の衛生管理者・受験生の双方に役立つよう、第一種衛生管理者試験の出題傾向と学習の進め方をあわせて整理しています。

現場の衛生管理者・",産業医と衛生管理者の役割差を短いフレーズで対比してください。,産業医（選任・職務・記録・巡視・面接指導）;衛生管理者（選任・常勤・専任・資格区分）,産業医と衛生管理者の違いは独学でも十分に対策できますか？,第一種衛生管理者試験のsangyoui senmon eiseiに関する質問「産業医と衛生管理者の違いは独学でも十分に対策できますか」について、まず公式要項で最新の制度を確認してください。本サイトでは過去問演習と用語解説で、sangyoui senmon eiseiの理解度を具体的に確かめられます。数値や期限は資格ごとに異なるため、本文の例は必ず公式情報と照合してください。,産業医と衛生管理者の違いの学習で最優先すべきことは何ですか？,第一種衛生管理者試験のsangyoui senmon eiseiに関する質問「産業医と衛生管理者の違いの学習で最優先すべきことは何ですか」について、まず公式要項で最新の制度を確認してください。本サイトでは過去問演習と用語解説で、sangyoui senmon eiseiの理解度を具体的に確かめられます。数値や期限は資格ごとに異なるため、本文の例は必ず公式情報と照合してください。,公式情報はどこで確認すればよいですか？,"安全衛生技術試験協会（https://www.exam.or.jp/）および厚生労働省の労働安全衛生関連ページで、試験日程・受験資格・合格基準の最新版を確認してください。

本記事は学習用の整理であり、制度改正時は必ず原文・公式案内を優先してください。",この記事のあとに何を学習するとよいですか？,"関連する試験ガイドと用語解説を1〜2本読み、続けて同テーマの過去問を解いて定着させてください。

誤りの理由までメモできる状態が、本番での安定につながります。",2026-05-30
lead-tetra-kanri-s32,鉛業務と四アルキル鉛業務,労働衛生,鉛;四アルキル鉛,鉛・四アルキル鉛それぞれの作業環境管理・健康診断・保護具の違いを整理します。,特殊健康診断（鉛）;特殊健康診断（四アルキル鉛）,"[{""axis"": ""対象"", ""cols"": [""鉛・鉛化合物等"", ""四アルキル鉛""]}, {""axis"": ""毒性"", ""cols"": [""鉛中毒等"", ""高毒性""]}, {""axis"": ""測定"", ""cols"": [""作業環境測定"", ""厳格な管理""]}, {""axis"": ""健診"", ""cols"": [""鉛健康診断等"", ""特殊健康診断等""]}, {""axis"": ""混同"", ""cols"": [""同一手続"", ""健診不要""]}]",鉛・四アルキル鉛の管理｜第一種,鉛と四アルキル鉛はそれぞれ告示・規則で管理区分・健診・保護具が定められます。第一種では数値・頻度・就業上の措置が頻出です。,物質ごとに区分・健診;四アルキルは高毒性;測定記録;保護具,鉛と四アルキルを同一;健診省略;測定不要,「鉛＝鉛健診」「四アルキル＝特殊管理」。,特殊健康診断;作業環境測定,「鉛業務と四アルキル鉛業務」の試験での位置づけは？,鉛と四アルキル鉛はそれぞれ告示・規則で管理区分・健診・保護具が定められます。第一種では数値・頻度・就業上の措置が頻出です。 試験では物質ごとに区分・健診を軸に、関連条文・数値・主体の取り違えを照合してください。,「鉛業務と四アルキル鉛業務」でよくある誤答パターンは？,鉛と四アルキルを同一;健診省略;測定不要 誤答肢では四アルキルは高毒性の主語や条件が入れ替わることが多いので、比較表で整理してください。 過去問で正誤の型を分類し、試験要項で数値・期限を照合してください。,「鉛業務と四アルキル鉛業務」の覚え方・確認手順は？,「鉛業務と四アルキル鉛業務」では物質ごとに区分・健診を軸に、条文・数値・主体の取り違えを比較表で整理してください。 典型誤答は鉛と四アルキルを同一;健診省略;測定不要。 過去問では条件文の主語入れ替え肢に注意してください。,「鉛業務と四アルキル鉛業務」の公式情報はどこで確認しますか？,「鉛業務と四アルキル鉛業務」では物質ごとに区分・健診を軸に、条文・数値・主体の取り違えを比較表で整理してください。 典型誤答は鉛と四アルキルを同一;健診省略;測定不要。 過去問では条件文の主語入れ替え肢に注意してください。,
tetra-alkyl-lead-rule-compare-s33,四アルキル鉛の管理論点比較,労働衛生,四アルキル鉛;特殊健康診断,四アルキル鉛業務の管理手順と就業上措置の論点を比較整理します。,管理手順;試験ポイント,"[{""axis"": ""対象業務"", ""cols"": [""四アルキル鉛取扱い"", ""高毒性を前提に評価""]}, {""axis"": ""健康管理"", ""cols"": [""特殊健康診断（四アルキル鉛）"", ""結果に応じた就業上措置""]}, {""axis"": ""記録"", ""cols"": [""記録の作成・保存（測定・健康診断・教育等）"", ""業務変更時も更新""]}, {""axis"": ""誤答傾向"", ""cols"": [""鉛健診と同一視"", ""就業措置の省略""]}, {""axis"": ""実務対応"", ""cols"": [""保護具と教育を一体運用"", ""測定結果を反映""]}]",四アルキル鉛の管理比較｜S33,四アルキル鉛は高毒性のため、健診・記録・就業措置を分離せず一体で問う設問が頻出です。,対象業務の限定;特殊健康診断（四アルキル鉛）;記録更新を確認,鉛健診と同一視しやすく、就業上措置の判断を後回しにする誤りが多い。,高毒性業務は健診結果から逆算して措置を決める。,特殊健康診断;健康診断事後措置;記録の作成・保存（測定・健康診断・教育等）,「四アルキル鉛の管理論点比較」の試験での位置づけは？,四アルキル鉛は高毒性のため、健診・記録・就業措置を分離せず一体で問う設問が頻出です。 試験では対象業務の限定を軸に、関連条文・数値・主体の取り違えを照合してください。 過去問で正誤の型を分類し、試験要項で数値・期限を照合してください。,「四アルキル鉛の管理論点比較」でよくある誤答パターンは？,鉛健診と同一視しやすく、就業上措置の判断を後回しにする誤りが多い。 誤答肢では特殊健康診断（四アルキル鉛）の主語や条件が入れ替わることが多いので、比較表で整理してください。 過去問で正誤の型を分類し、試験要項で数値・期限を照合してください。,「四アルキル鉛の管理論点比較」の覚え方・確認手順は？,「四アルキル鉛の管理論点比較」では対象業務の限定を軸に、条文・数値・主体の取り違えを比較表で整理してください。 典型誤答は鉛健診と同一視しやすく、就業上措置の判断を後回しにする誤りが多い。。 過去問では条件文の主語入れ替え肢に注意してください。,「四アルキル鉛の管理論点比較」の公式情報はどこで確認しますか？,「四アルキル鉛の管理論点比較」では対象業務の限定を軸に、条文・数値・主体の取り違えを比較表で整理してください。 典型誤答は鉛健診と同一視しやすく、就業上措置の判断を後回しにする誤りが多い。。 過去問では条件文の主語入れ替え肢に注意してください。,
asbestos-prior-survey-compare-s33,石綿事前調査と作業管理の比較,労働衛生,石綿;作業環境測定,石綿事前調査と除去作業時の管理事項を比較し、手続の順序を固定します。,調査段階;作業段階,"[{""axis"": ""着手前"", ""cols"": [""石綿障害予防規則（事前調査・除去・記録）"", ""含有状況を確認""]}, {""axis"": ""作業中"", ""cols"": [""石綿取扱業務の特別教育"", ""保護具と飛散防止""]}, {""axis"": ""健康管理"", ""cols"": [""特殊健康診断（石綿・離職後フォロー）"", ""所見に応じて措置""]}, {""axis"": ""記録"", ""cols"": [""石綿事前調査・除去等作業従事者の選任・記録"", ""報告系統を明確化""]}, {""axis"": ""誤答傾向"", ""cols"": [""調査だけで完了扱い"", ""作業記録の省略""]}]",石綿事前調査の比較整理｜S33,石綿論点は調査と作業管理を分けて整理すると、選択肢の逆転に強くなります。,調査と作業を分離;記録主体を確認;健診との接続,調査実施で義務が完了したと誤解し、除去作業時の管理と記録を見落とす誤りが多い。,石綿は調査で始まり、除去記録で閉じる。,石綿障害予防規則（事前調査・除去・記録）;石綿事前調査・除去等作業従事者の選任・記録;特殊健康診断;石綿（健康影響）;作業環境測定,「石綿事前調査と作業管理の比較」の試験での位置づけは？,石綿論点は調査と作業管理を分けて整理すると、選択肢の逆転に強くなります。 試験では調査と作業を分離を軸に、関連条文・数値・主体の取り違えを照合してください。 過去問で正誤の型を分類し、試験要項で数値・期限を照合してください。,「石綿事前調査と作業管理の比較」でよくある誤答パターンは？,調査実施で義務が完了したと誤解し、除去作業時の管理と記録を見落とす誤りが多い。 誤答肢では記録主体を確認の主語や条件が入れ替わることが多いので、比較表で整理してください。 過去問で正誤の型を分類し、試験要項で数値・期限を照合してください。,「石綿事前調査と作業管理の比較」の覚え方・確認手順は？,「石綿事前調査と作業管理の比較」では調査と作業を分離を軸に、条文・数値・主体の取り違えを比較表で整理してください。 典型誤答は調査実施で義務が完了したと誤解し、除去作業時の管理と記録を見落とす誤りが多い。。 過去問では条件文の主語入れ替え肢に注意してください。,「石綿事前調査と作業管理の比較」の公式情報はどこで確認しますか？,「石綿事前調査と作業管理の比較」では調査と作業を分離を軸に、条文・数値・主体の取り違えを比較表で整理してください。 典型誤答は調査実施で義務が完了したと誤解し、除去作業時の管理と記録を見落とす誤りが多い。。 過去問では条件文の主語入れ替え肢に注意してください。,
tokuka-first-class-compare-s33,第一類特化則の重点比較,労働衛生,特定化学物質;管理区分,第一類特定化学物質の管理区分と技術的措置の関係を比較します。,第一類管理;区分評価,"[{""axis"": ""対象"", ""cols"": [""製造許可（第一類特定化学物質）"", ""製造許可物質（第1類特定化学物質）""]}, {""axis"": ""測定"", ""cols"": [""作業環境測定（義務・頻度・評価・記録）"", ""管理区分（第1〜第3）の評価""]}, {""axis"": ""健診"", ""cols"": [""特殊健康診断（特定化学物質）"", ""事後措置を実施""]}, {""axis"": ""改善"", ""cols"": [""特定化学物質障害予防規則（区分・技術的措置）"", ""超過時に措置""]}, {""axis"": ""誤答傾向"", ""cols"": [""第二類と同一視"", ""許可論点の欠落""]}]",第一類特化則の比較｜S33,第一類は許可・測定・改善措置を連動して理解することが得点の鍵です。,第一類の許可論点;区分評価;特殊健康診断（特定化学物質）,第一類と第二類を同じ運用と考え、許可や措置強度の違いを読み落とす誤りが目立つ。,第一類は許可から措置まで一直線で覚える。,製造許可（第一類特定化学物質）;特定化学物質障害予防規則（区分・技術的措置）;特殊健康診断,「第一類特化則の重点比較」の試験での位置づけは？,第一類は許可・測定・改善措置を連動して理解することが得点の鍵です。 試験では第一類の許可論点を軸に、関連条文・数値・主体の取り違えを照合してください。 過去問で正誤の型を分類し、試験要項で数値・期限を照合してください。,「第一類特化則の重点比較」でよくある誤答パターンは？,第一類と第二類を同じ運用と考え、許可や措置強度の違いを読み落とす誤りが目立つ。 誤答肢では区分評価の主語や条件が入れ替わることが多いので、比較表で整理してください。 過去問で正誤の型を分類し、試験要項で数値・期限を照合してください。,「第一類特化則の重点比較」の覚え方・確認手順は？,「第一類特化則の重点比較」では第一類の許可論点を軸に、条文・数値・主体の取り違えを比較表で整理してください。 典型誤答は第一類と第二類を同じ運用と考え、許可や措置強度の違いを読み落とす誤りが目立つ。。 過去問では条件文の主語入れ替え肢に注意してください。,「第一類特化則の重点比較」の公式情報はどこで確認しますか？,「第一類特化則の重点比較」では第一類の許可論点を軸に、条文・数値・主体の取り違えを比較表で整理してください。 典型誤答は第一類と第二類を同じ運用と考え、許可や措置強度の違いを読み落とす誤りが目立つ。。 過去問では条件文の主語入れ替え肢に注意してください。,
tokuka-first-class-compare-s35,化学物質第一類管理の比較,関係法令,第一類;特定化学物質,「化学物質第一類管理の比較」と「手順」（基礎整理）について、目的・主体・手続・数値・試験論点の5軸で違いを比較します。,化学物質第一類管理の比較（頻出論点）;手順（逆転肢）,"[{""axis"": ""目的（定義・目的）"", ""cols"": [""化学物質第一類管理の比較の目的"", ""手順の目的""]}, {""axis"": ""主体（定義・目的）"", ""cols"": [""化学物質第一類管理の比較の義務者"", ""手順の義務者""]}, {""axis"": ""対象（定義・目的）"", ""cols"": [""化学物質第一類管理の比較の適用範囲"", ""手順の適用範囲""]}, {""axis"": ""手続（定義・目的）"", ""cols"": [""化学物質第一類管理の比較の手続"", ""手順の手続""]}, {""axis"": ""試験（定義・目的）"", ""cols"": [""化学物質第一類管理の比較の頻出論点"", ""手順との混同点""]}]",化学物質第一類管理の比較整理｜S35,化学物質第一類管理は用語の定義と義務主体を先に固定し、比較表で整理してください。,用語の境界を表で整理;類似語の入替肢に注意;化学物質第一類管理の定義と主体を固定,旧要項・旧数値をそのまま適用;化学物質第一類管理の主体を固定せずに暗記;対象と類似制度を混同,「化学物質第一類管理＝定義→主体→対象」,製造許可物質（第1類特定化学物質）;特定化学物質障害予防規則（区分・技術的措置）;化学物質管理者（選任・職務）,「化学物質第一類管理の比較」の試験での位置づけは？,化学物質第一類管理は義務主体・実施手順・記録保存の順で整理すると得点が安定します。 試験では製造許可物質（第1類特定化学物質）を軸に、関連条文・数値・主体の取り違えを照合してください。 過去問で正誤の型を分類し、試験要項で数値・期限を照合してください。,「化学物質第一類管理の比較」でよくある誤答パターンは？,主体と手順の混同;記録省略;報告漏れ 誤答肢では特定化学物質障害予防規則（区分・技術的措置）の主語や条件が入れ替わることが多いので、比較表で整理してください。 過去問で正誤の型を分類し、試験要項で数値・期限を照合してください。,「化学物質第一類管理の比較」の覚え方・確認手順は？,「化学物質第一類管理の比較」では製造許可物質（第1類特定化学物質）を軸に、条文・数値・主体の取り違えを比較表で整理してください。 典型誤答は主体と手順の混同;記録省略;報告漏れ。 過去問では条件文の主語入れ替え肢に注意してください。,「化学物質第一類管理の比較」の公式情報はどこで確認しますか？,「化学物質第一類管理の比較」では製造許可物質（第1類特定化学物質）を軸に、条文・数値・主体の取り違えを比較表で整理してください。 典型誤答は主体と手順の混同;記録省略;報告漏れ。 過去問では条件文の主語入れ替え肢に注意してください。,
work-env-rating-standard-compare-s33,作業環境評定基準の比較,労働衛生,管理区分;作業環境測定,作業環境の評定基準と管理区分の使い分けを比較し、測定後の行動を整理します。,評定基準;区分措置,"[{""axis"": ""評価軸"", ""cols"": [""管理区分（第1〜第3）の評価"", ""最重要管理区分""]}, {""axis"": ""測定"", ""cols"": [""A測定・B測定・C測定の意味と使い分け"", ""作業環境測定""]}, {""axis"": ""措置"", ""cols"": [""作業環境評価基準・管理区分（第1～第3）"", ""改善計画を作成""]}, {""axis"": ""保存"", ""cols"": [""記録の作成・保存（測定・健康診断・教育等）"", ""監査対応で活用""]}, {""axis"": ""誤答傾向"", ""cols"": [""区分と測定の逆転"", ""保存期間の混同""]}]",作業環境評定基準｜S33,評定基準は測定値の解釈、管理区分は措置選択の根拠として使います。,評価軸を区別;A/B/C測定の位置づけ;記録活用,管理区分だけ覚えて評定根拠を説明できないまま選択肢を判断する誤りが生じやすい。,測定値は評定に、評定は措置に使う。,作業環境評価基準・管理区分（第1～第3）;A測定・B測定・C測定の意味と使い分け;作業環境測定,「作業環境評定基準の比較」の試験での位置づけは？,評定基準は測定値の解釈、管理区分は措置選択の根拠として使います。 試験では評価軸を区別を軸に、関連条文・数値・主体の取り違えを照合してください。 過去問で正誤の型を分類し、試験要項で数値・期限を照合してください。,「作業環境評定基準の比較」でよくある誤答パターンは？,管理区分だけ覚えて評定根拠を説明できないまま選択肢を判断する誤りが生じやすい。 誤答肢ではA/B/C測定の位置づけの主語や条件が入れ替わることが多いので、比較表で整理してください。 過去問で正誤の型を分類し、試験要項で数値・期限を照合してください。,「作業環境評定基準の比較」の覚え方・確認手順は？,「作業環境評定基準の比較」では評価軸を区別を軸に、条文・数値・主体の取り違えを比較表で整理してください。 典型誤答は管理区分だけ覚えて評定根拠を説明できないまま選択肢を判断する誤りが生じやすい。。 過去問では条件文の主語入れ替え肢に注意してください。,「作業環境評定基準の比較」の公式情報はどこで確認しますか？,「作業環境評定基準の比較」では評価軸を区別を軸に、条文・数値・主体の取り違えを比較表で整理してください。 典型誤答は管理区分だけ覚えて評定根拠を説明できないまま選択肢を判断する誤りが生じやすい。。 過去問では条件文の主語入れ替え肢に注意してください。,
management-category-change-compare-s33,管理区分変更時の判断比較,労働衛生,管理区分;リスクアセスメント,管理区分変更時に必要な再測定・リスク評価・記録更新の関係を比較します。,変更契機;更新手順,"[{""axis"": ""変更契機"", ""cols"": [""管理区分（第1〜第3）の評価"", ""設備・工程変更時""]}, {""axis"": ""再評価"", ""cols"": [""作業環境測定機器の校正・保守"", ""作業環境測定結果の評価・公表（概念）""]}, {""axis"": ""リスク"", ""cols"": [""リスクアセスメント（化学・作業環境）"", ""化学物質管理者（選任・職務）""]}, {""axis"": ""記録"", ""cols"": [""特定化学物質の記録保存・提示・監督署報告"", ""更新履歴を保存""]}, {""axis"": ""誤答傾向"", ""cols"": [""変更後再評価を省略"", ""責任者の不明確化""]}]",管理区分変更の比較｜S33,区分変更問題は『変更理由→再評価→記録更新』の順序確認が得点源です。,変更契機の特定;再評価必須;責任者明確化,変更後に旧区分のまま運用し、再測定と記録更新を省く手順ミスが起こりやすい。,区分変更は必ず再評価とセットで覚える。,作業環境評価基準・管理区分（第1～第3）;作業環境測定;リスクアセスメント,「管理区分変更時の判断比較」の試験での位置づけは？,区分変更問題は『変更理由→再評価→記録更新』の順序確認が得点源です。 試験では変更契機の特定を軸に、関連条文・数値・主体の取り違えを照合してください。 過去問で正誤の型を分類し、試験要項で数値・期限を照合してください。,「管理区分変更時の判断比較」でよくある誤答パターンは？,変更後に旧区分のまま運用し、再測定と記録更新を省く手順ミスが起こりやすい。 誤答肢では再評価必須の主語や条件が入れ替わることが多いので、比較表で整理してください。 過去問で正誤の型を分類し、試験要項で数値・期限を照合してください。,「管理区分変更時の判断比較」の覚え方・確認手順は？,「管理区分変更時の判断比較」では変更契機の特定を軸に、条文・数値・主体の取り違えを比較表で整理してください。 典型誤答は変更後に旧区分のまま運用し、再測定と記録更新を省く手順ミスが起こりやすい。。 過去問では条件文の主語入れ替え肢に注意してください。,「管理区分変更時の判断比較」の公式情報はどこで確認しますか？,「管理区分変更時の判断比較」では変更契機の特定を軸に、条文・数値・主体の取り違えを比較表で整理してください。 典型誤答は変更後に旧区分のまま運用し、再測定と記録更新を省く手順ミスが起こりやすい。。 過去問では条件文の主語入れ替え肢に注意してください。,
exam44-subject-balance-compare-s33,44問科目別攻略の比較,関係法令,44問;科目配分,44問の科目別配分と足切り回避の学習配分を比較して整理します。,配点管理;学習配分,"[{""axis"": ""構成"", ""cols"": [""44問5範囲"", ""有害業務を含む""]}, {""axis"": ""合格基準"", ""cols"": [""総合240点"", ""各範囲40点""]}, {""axis"": ""戦略"", ""cols"": [""弱点範囲を週次補強"", ""得意科目依存を回避""]}, {""axis"": ""確認"", ""cols"": [""模試で範囲別点検"", ""直前は誤答だけ再演習""]}, {""axis"": ""誤答傾向"", ""cols"": [""総合点のみ意識"", ""足切り軽視""]}]",44問科目別攻略｜S33,第一種は範囲別40点を落とさない設計が必須で、配点管理の精度が合否を左右します。,44問5範囲;総合240点;範囲別40点,総合得点だけを追って範囲別40点未満を放置すると、本番で足切り不合格になりやすい。,総合点より先に足切り回避を確定する。,衛生工学衛生管理者;衛生管理者（選任・常勤・専任・資格区分）;労働安全衛生法,「44問科目別攻略の比較」の試験での位置づけは？,第一種は範囲別40点を落とさない設計が必須で、配点管理の精度が合否を左右します。 試験では44問5範囲を軸に、関連条文・数値・主体の取り違えを照合してください。 過去問で正誤の型を分類し、試験要項で数値・期限を照合してください。,「44問科目別攻略の比較」でよくある誤答パターンは？,総合得点だけを追って範囲別40点未満を放置すると、本番で足切り不合格になりやすい。 誤答肢では総合240点の主語や条件が入れ替わることが多いので、比較表で整理してください。 過去問で正誤の型を分類し、試験要項で数値・期限を照合してください。,「44問科目別攻略の比較」の覚え方・確認手順は？,「44問科目別攻略の比較」では44問5範囲を軸に、条文・数値・主体の取り違えを比較表で整理してください。 典型誤答は総合得点だけを追って範囲別40点未満を放置すると、本番で足切り不合格になりやすい。。 過去問では条件文の主語入れ替え肢に注意してください。,「44問科目別攻略の比較」の公式情報はどこで確認しますか？,「44問科目別攻略の比較」では44問5範囲を軸に、条文・数値・主体の取り違えを比較表で整理してください。 典型誤答は総合得点だけを追って範囲別40点未満を放置すると、本番で足切り不合格になりやすい。。 過去問では条件文の主語入れ替え肢に注意してください。,
exclusive-fulltime-appointment-compare-s33,選任・常勤・専任の比較,関係法令,衛生管理者;専任,衛生管理者の選任、常勤、専任の条件を比較し、有害業務論点を整理します。,選任条件;専任要件,"[{""axis"": ""資格"", ""cols"": [""衛生管理者（選任・常勤・専任・資格区分）"", ""衛生工学衛生管理者（有害業務での選任）""]}, {""axis"": ""人数基準"", ""cols"": [""専任の衛生管理者（有害業務30人超）"", ""安全衛生管理体制（総括／衛生管理者／産業医）""]}, {""axis"": ""実務"", ""cols"": [""衛生管理者の職場巡視（週1回）"", ""記録の作成・保存（測定・健康診断・教育等）""]}, {""axis"": ""委員会"", ""cols"": [""衛生委員会"", ""総括安全衛生管理者""]}, {""axis"": ""誤答傾向"", ""cols"": [""第二種で有害担当"", ""巡視義務の混同""]}]",選任・常勤・専任の比較｜S33,選任論点は人数基準と有害業務の組み合わせで判断するのが基本です。,資格区分;30人超要件;巡視義務,有害業務でも第二種で足りると誤解し、専任要件と巡視義務を同時に落とす誤りが頻発する。,有害業務は第一種と専任を同時に確認する。,衛生管理者（選任・常勤・専任・資格区分）;専任の衛生管理者（有害業務30人超）;衛生管理者の職場巡視（週1回）,「選任・常勤・専任の比較」の試験での位置づけは？,選任論点は人数基準と有害業務の組み合わせで判断するのが基本です。 試験では資格区分を軸に、関連条文・数値・主体の取り違えを照合してください。 過去問で正誤の型を分類し、試験要項で数値・期限を照合してください。,「選任・常勤・専任の比較」でよくある誤答パターンは？,有害業務でも第二種で足りると誤解し、専任要件と巡視義務を同時に落とす誤りが頻発する。 誤答肢では30人超要件の主語や条件が入れ替わることが多いので、比較表で整理してください。 過去問で正誤の型を分類し、試験要項で数値・期限を照合してください。,「選任・常勤・専任の比較」の覚え方・確認手順は？,「選任・常勤・専任の比較」では資格区分を軸に、条文・数値・主体の取り違えを比較表で整理してください。 典型誤答は有害業務でも第二種で足りると誤解し、専任要件と巡視義務を同時に落とす誤りが頻発する。。 過去問では条件文の主語入れ替え肢に注意してください。,「選任・常勤・専任の比較」の公式情報はどこで確認しますか？,「選任・常勤・専任の比較」では資格区分を軸に、条文・数値・主体の取り違えを比較表で整理してください。 典型誤答は有害業務でも第二種で足りると誤解し、専任要件と巡視義務を同時に落とす誤りが頻発する。。 過去問では条件文の主語入れ替え肢に注意してください。,
health-check-result-handling-compare-s33,健康診断結果取扱いの比較,労働衛生,健康診断;事後措置,健康診断結果の通知・保存・就業上措置の流れを比較し、法令順序を定着させます。,通知手順;事後措置,"[{""axis"": ""通知"", ""cols"": [""健康診断結果の本人通知"", ""健康診断結果報告書（特殊・定期）""]}, {""axis"": ""保存"", ""cols"": [""健康診断個人票の保存（5年）"", ""記録の作成・保存（測定・健康診断・教育等）""]}, {""axis"": ""措置"", ""cols"": [""健康診断事後措置"", ""二次健康診断等給付（労災）""]}, {""axis"": ""対象"", ""cols"": [""定期健康診断／雇入時／特殊健康診断"", ""特定業務従事者の健康診断""]}, {""axis"": ""誤答傾向"", ""cols"": [""通知で完了扱い"", ""保存期間の混同""]}]",健診結果取扱い比較｜S33,健診結果は通知・保存・事後措置の三段階で整理すると誤答を抑えられます。,通知と保存;5年保存;事後措置の接続,本人通知だけで法令対応が完了すると誤認し、就業上措置や保存年限を漏らす誤りが多い。,健診は通知で終わらず措置まで追う。,健康診断結果の本人通知;健康診断個人票の保存（5年）;健康診断事後措置,「健康診断結果取扱いの比較」の試験での位置づけは？,健診結果は通知・保存・事後措置の三段階で整理すると誤答を抑えられます。 試験では通知と保存を軸に、関連条文・数値・主体の取り違えを照合してください。 過去問で正誤の型を分類し、試験要項で数値・期限を照合してください。,「健康診断結果取扱いの比較」でよくある誤答パターンは？,本人通知だけで法令対応が完了すると誤認し、就業上措置や保存年限を漏らす誤りが多い。 誤答肢では5年保存の主語や条件が入れ替わることが多いので、比較表で整理してください。 過去問で正誤の型を分類し、試験要項で数値・期限を照合してください。,「健康診断結果取扱いの比較」の覚え方・確認手順は？,「健康診断結果取扱いの比較」では通知と保存を軸に、条文・数値・主体の取り違えを比較表で整理してください。 典型誤答は本人通知だけで法令対応が完了すると誤認し、就業上措置や保存年限を漏らす誤りが多い。。 過去問では条件文の主語入れ替え肢に注意してください。,「健康診断結果取扱いの比較」の公式情報はどこで確認しますか？,「健康診断結果取扱いの比較」では通知と保存を軸に、条文・数値・主体の取り違えを比較表で整理してください。 典型誤答は本人通知だけで法令対応が完了すると誤認し、就業上措置や保存年限を漏らす誤りが多い。。 過去問では条件文の主語入れ替え肢に注意してください。,
chemical-survey-flow-compare-s33,化学物質調査フロー比較,労働衛生,化学物質;リスクアセスメント,化学物質調査からリスクアセスメント、教育までの実施フローを比較します。,調査段階;措置段階,"[{""axis"": ""調査"", ""cols"": [""化学物質管理者（選任・職務）"", ""作業環境測定結果の評価・公表（概念）""]}, {""axis"": ""評価"", ""cols"": [""リスクアセスメント（化学・作業環境）"", ""作業環境測定結果の報告（監督署）""]}, {""axis"": ""措置"", ""cols"": [""特定化学物質障害予防規則（区分・技術的措置）"", ""作業環境測定（義務・頻度・評価・記録）""]}, {""axis"": ""教育"", ""cols"": [""安全衛生教育"", ""安全衛生教育／特別教育／職長教育／技能講習""]}, {""axis"": ""誤答傾向"", ""cols"": [""SDSだけで完了"", ""評価順序の逆転""]}]",化学物質調査フロー｜S33,調査と評価を分離せず、措置と教育までつなげるのが第一種の基本です。,調査→評価→措置→教育;責任者明確化;記録,SDSや表示だけで調査と評価を省略し、フロー全体を分断してしまう誤りが典型。,化学管理は順序を崩さず一本化する。,化学物質管理者（選任・職務）;リスクアセスメント;作業環境測定結果の評価・公表（概念）,「化学物質調査フロー比較」の試験での位置づけは？,調査と評価を分離せず、措置と教育までつなげるのが第一種の基本です。 試験では調査→評価→措置→教育を軸に、関連条文・数値・主体の取り違えを照合してください。 過去問で正誤の型を分類し、試験要項で数値・期限を照合してください。,「化学物質調査フロー比較」でよくある誤答パターンは？,SDSや表示だけで調査と評価を省略し、フロー全体を分断してしまう誤りが典型。 誤答肢では責任者明確化の主語や条件が入れ替わることが多いので、比較表で整理してください。 過去問で正誤の型を分類し、試験要項で数値・期限を照合してください。,「化学物質調査フロー比較」の覚え方・確認手順は？,「化学物質調査フロー比較」では調査→評価→措置→教育を軸に、条文・数値・主体の取り違えを比較表で整理してください。 典型誤答はSDSや表示だけで調査と評価を省略し、フロー全体を分断してしまう誤りが典型。。 過去問では条件文の主語入れ替え肢に注意してください。,「化学物質調査フロー比較」の公式情報はどこで確認しますか？,「化学物質調査フロー比較」では調査→評価→措置→教育を軸に、条文・数値・主体の取り違えを比較表で整理してください。 典型誤答はSDSや表示だけで調査と評価を省略し、フロー全体を分断してしまう誤りが典型。。 過去問では条件文の主語入れ替え肢に注意してください。,
safety-hygiene-education-compare-s33,安全衛生教育の区分比較,関係法令,安全衛生教育;雇入れ時,雇入れ時教育と特別教育・技能講習の違いを比較し、義務主体を整理します。,教育目的;対象作業,"[{""axis"": ""雇入れ時"", ""cols"": [""雇入れ時の安全衛生教育（安衛則35条）"", ""安全衛生教育""]}, {""axis"": ""職種変更時"", ""cols"": [""安全衛生教育／特別教育／職長教育／技能講習"", ""教育内容を更新""]}, {""axis"": ""特別教育"", ""cols"": [""石綿取扱業務の特別教育"", ""危険有害業務で実施""]}, {""axis"": ""技能講習"", ""cols"": [""特定粉じん作業／有機溶剤等作業／特定化学物質等作業主任者"", ""作業主任者選任に連動""]}, {""axis"": ""誤答傾向"", ""cols"": [""教育で講習代替"", ""記録省略""]}]",安全衛生教育の比較｜S33,教育制度は目的と対象で分けると整理しやすく、試験の混同肢を切り分けやすくなります。,雇入れ時教育;特別教育;技能講習;記録保存,安全衛生教育を実施したので技能講習が不要と誤解し、対象業務の義務を落とす誤りが生じる。,教育と講習は目的別に二本立てで覚える。,安全衛生教育;雇入れ時の安全衛生教育（安衛則35条）;安全衛生教育／特別教育／職長教育／技能講習,「安全衛生教育の区分比較」の試験での位置づけは？,教育制度は目的と対象で分けると整理しやすく、試験の混同肢を切り分けやすくなります。 試験では雇入れ時教育を軸に、関連条文・数値・主体の取り違えを照合してください。 過去問で正誤の型を分類し、試験要項で数値・期限を照合してください。,「安全衛生教育の区分比較」でよくある誤答パターンは？,安全衛生教育を実施したので技能講習が不要と誤解し、対象業務の義務を落とす誤りが生じる。 誤答肢では特別教育の主語や条件が入れ替わることが多いので、比較表で整理してください。 過去問で正誤の型を分類し、試験要項で数値・期限を照合してください。,「安全衛生教育の区分比較」の覚え方・確認手順は？,「安全衛生教育の区分比較」では雇入れ時教育を軸に、条文・数値・主体の取り違えを比較表で整理してください。 典型誤答は安全衛生教育を実施したので技能講習が不要と誤解し、対象業務の義務を落とす誤りが生じる。。 過去問では条件文の主語入れ替え肢に注意してください。,「安全衛生教育の区分比較」の公式情報はどこで確認しますか？,「安全衛生教育の区分比較」では雇入れ時教育を軸に、条文・数値・主体の取り違えを比較表で整理してください。 典型誤答は安全衛生教育を実施したので技能講習が不要と誤解し、対象業務の義務を落とす誤りが生じる。。 過去問では条件文の主語入れ替え肢に注意してください。,
lead-job-measures-compare-s34,鉛健診と就業措置の比較,労働衛生,鉛;健康診断,鉛健診結果に基づく就業措置と通常運用の違いを比較して整理します。,健診判断;就業措置,"[{""axis"": ""健診"", ""cols"": [""特殊健康診断（鉛）"", ""所見を把握""]}, {""axis"": ""措置"", ""cols"": [""健康診断事後措置"", ""就業制限・配置調整""]}, {""axis"": ""記録"", ""cols"": [""健康診断個人票の保存（5年）"", ""記録の作成・保存（測定・健康診断・教育等）""]}, {""axis"": ""報告"", ""cols"": [""健康診断結果報告書（特殊・定期）"", ""必要時に提出""]}, {""axis"": ""誤答傾向"", ""cols"": [""健診と措置を分離"", ""保存年限の混同""]}]",鉛健診就業措置の比較｜S34,鉛健診は結果通知だけでなく就業措置まで一体で判断する問題が中心です。,鉛健診結果;就業措置;5年保存,健診結果通知で対応完了と誤解し、就業上措置と記録維持を後回しにする誤りが多い。,鉛健診は措置決定までを1セットで覚える。,特殊健康診断;健康診断事後措置;健康診断個人票の保存（5年）,「鉛健診と就業措置の比較」の試験での位置づけは？,鉛健診は結果通知だけでなく就業措置まで一体で判断する問題が中心です。 試験では鉛健診結果を軸に、関連条文・数値・主体の取り違えを照合してください。 過去問で正誤の型を分類し、試験要項で数値・期限を照合してください。,「鉛健診と就業措置の比較」でよくある誤答パターンは？,健診結果通知で対応完了と誤解し、就業上措置と記録維持を後回しにする誤りが多い。 誤答肢では就業措置の主語や条件が入れ替わることが多いので、比較表で整理してください。 過去問で正誤の型を分類し、試験要項で数値・期限を照合してください。,「鉛健診と就業措置の比較」の覚え方・確認手順は？,「鉛健診と就業措置の比較」では鉛健診結果を軸に、条文・数値・主体の取り違えを比較表で整理してください。 典型誤答は健診結果通知で対応完了と誤解し、就業上措置と記録維持を後回しにする誤りが多い。。 過去問では条件文の主語入れ替え肢に注意してください。,「鉛健診と就業措置の比較」の公式情報はどこで確認しますか？,「鉛健診と就業措置の比較」では鉛健診結果を軸に、条文・数値・主体の取り違えを比較表で整理してください。 典型誤答は健診結果通知で対応完了と誤解し、就業上措置と記録維持を後回しにする誤りが多い。。 過去問では条件文の主語入れ替え肢に注意してください。,
asbestos-removal-record-compare-s34,石綿除去記録の比較,労働衛生,石綿;記録,石綿除去工程における記録作成、保存、報告の違いを比較します。,工程記録;保存管理,"[{""axis"": ""事前"", ""cols"": [""石綿障害予防規則（事前調査・除去・記録）"", ""事前調査を確定""]}, {""axis"": ""実施"", ""cols"": [""石綿事前調査・除去等作業従事者の選任・記録"", ""作業中記録を残す""]}, {""axis"": ""教育"", ""cols"": [""石綿取扱業務の特別教育"", ""対象者を限定""]}, {""axis"": ""健診"", ""cols"": [""特殊健康診断（石綿・離職後フォロー）"", ""事後フォローを実施""]}, {""axis"": ""誤答傾向"", ""cols"": [""調査記録のみ保存"", ""作業記録未整備""]}]",石綿除去記録の比較｜S34,石綿除去では工程ごとの記録粒度を区別することが実務・試験の両方で重要です。,事前調査;除去記録;教育;健診,調査記録があるため除去時記録は省略可能と誤認し、報告根拠を失う誤りが生じる。,石綿は工程単位で記録を分離する。,石綿障害予防規則（事前調査・除去・記録）;石綿事前調査・除去等作業従事者の選任・記録;特殊健康診断;石綿（健康影響）,「石綿除去記録の比較」の試験での位置づけは？,石綿除去では工程ごとの記録粒度を区別することが実務・試験の両方で重要です。 試験では事前調査を軸に、関連条文・数値・主体の取り違えを照合してください。 過去問で正誤の型を分類し、試験要項で数値・期限を照合してください。,「石綿除去記録の比較」でよくある誤答パターンは？,調査記録があるため除去時記録は省略可能と誤認し、報告根拠を失う誤りが生じる。 誤答肢では除去記録の主語や条件が入れ替わることが多いので、比較表で整理してください。 過去問で正誤の型を分類し、試験要項で数値・期限を照合してください。,「石綿除去記録の比較」の覚え方・確認手順は？,「石綿除去記録の比較」では事前調査を軸に、条文・数値・主体の取り違えを比較表で整理してください。 典型誤答は調査記録があるため除去時記録は省略可能と誤認し、報告根拠を失う誤りが生じる。。 過去問では条件文の主語入れ替え肢に注意してください。,「石綿除去記録の比較」の公式情報はどこで確認しますか？,「石綿除去記録の比較」では事前調査を軸に、条文・数値・主体の取り違えを比較表で整理してください。 典型誤答は調査記録があるため除去時記録は省略可能と誤認し、報告根拠を失う誤りが生じる。。 過去問では条件文の主語入れ替え肢に注意してください。,
tokuka-first-improvement-compare-s34,第一類物質の改善措置比較,労働衛生,特定化学物質;改善措置,第一類特定化学物質で必要な改善措置の選択と優先順位を比較します。,区分評価;改善優先,"[{""axis"": ""対象"", ""cols"": [""製造許可物質（第1類特定化学物質）"", ""許可論点を確認""]}, {""axis"": ""評価"", ""cols"": [""管理区分（第1〜第3）の評価"", ""最重要管理区分を確認""]}, {""axis"": ""措置"", ""cols"": [""特定化学物質障害予防規則（区分・技術的措置）"", ""局所対策を優先""]}, {""axis"": ""測定"", ""cols"": [""作業環境測定（義務・頻度・評価・記録）"", ""改善後も確認""]}, {""axis"": ""誤答傾向"", ""cols"": [""改善前提を欠落"", ""第二類と同一視""]}]",第一類改善措置の比較｜S34,第一類は改善措置の根拠を区分評価で示せるかが採点の分かれ目です。,許可物質確認;区分評価;改善優先,改善措置を一般論で回答し、第一類特有の許可・区分論点を落とす誤りが多い。,第一類は区分根拠付きで措置を選ぶ。,製造許可物質（第1類特定化学物質）;特定化学物質障害予防規則（区分・技術的措置）;管理区分（第1〜第3）の評価,「第一類物質の改善措置比較」の試験での位置づけは？,第一類は改善措置の根拠を区分評価で示せるかが採点の分かれ目です。 試験では許可物質確認を軸に、関連条文・数値・主体の取り違えを照合してください。 過去問で正誤の型を分類し、試験要項で数値・期限を照合してください。,「第一類物質の改善措置比較」でよくある誤答パターンは？,改善措置を一般論で回答し、第一類特有の許可・区分論点を落とす誤りが多い。 誤答肢では区分評価の主語や条件が入れ替わることが多いので、比較表で整理してください。 過去問で正誤の型を分類し、試験要項で数値・期限を照合してください。,「第一類物質の改善措置比較」の覚え方・確認手順は？,「第一類物質の改善措置比較」では許可物質確認を軸に、条文・数値・主体の取り違えを比較表で整理してください。 典型誤答は改善措置を一般論で回答し、第一類特有の許可・区分論点を落とす誤りが多い。。 過去問では条件文の主語入れ替え肢に注意してください。,「第一類物質の改善措置比較」の公式情報はどこで確認しますか？,「第一類物質の改善措置比較」では許可物質確認を軸に、条文・数値・主体の取り違えを比較表で整理してください。 典型誤答は改善措置を一般論で回答し、第一類特有の許可・区分論点を落とす誤りが多い。。 過去問では条件文の主語入れ替え肢に注意してください。,
c-measure-personal-exposure-compare-s34,C測定と個人ばく露比較,労働衛生,C測定;作業環境測定,C測定と個人ばく露評価の使い分けを比較し、判断誤りを防ぎます。,測定種別;評価目的,"[{""axis"": ""測定手法"", ""cols"": [""A測定・B測定・C測定の意味と使い分け"", ""作業環境測定士（業務区分・登録）""]}, {""axis"": ""適用場面"", ""cols"": [""作業環境測定の指定作業場"", ""特定化学物質の監視濃度等（確認の仕方）""]}, {""axis"": ""評価"", ""cols"": [""管理区分（第1〜第3）の評価"", ""リスクアセスメント（化学・作業環境）""]}, {""axis"": ""記録"", ""cols"": [""作業環境測定（義務・頻度・評価・記録）"", ""記録の作成・保存（測定・健康診断・教育等）""]}, {""axis"": ""誤答傾向"", ""cols"": [""C測定を常時適用"", ""評価目的の混同""]}]",C測定と個人ばく露の比較｜S34,C測定は目的限定で使うため、A/B測定との使い分けを明確にすると得点しやすくなります。,A/B/C測定の使い分け;評価目的;記録,C測定を万能と誤解し、指定作業場や評価目的を無視して選択肢を誤る。,測定法は目的と場面で選択する。,A測定・B測定・C測定の意味と使い分け;作業環境測定士（業務区分・登録）;作業環境測定,「C測定と個人ばく露比較」の試験での位置づけは？,C測定は目的限定で使うため、A/B測定との使い分けを明確にすると得点しやすくなります。 試験ではA/B/C測定の使い分けを軸に、関連条文・数値・主体の取り違えを照合してください。 過去問で正誤の型を分類し、試験要項で数値・期限を照合してください。,「C測定と個人ばく露比較」でよくある誤答パターンは？,C測定を万能と誤解し、指定作業場や評価目的を無視して選択肢を誤る。 誤答肢では評価目的の主語や条件が入れ替わることが多いので、比較表で整理してください。 過去問で正誤の型を分類し、試験要項で数値・期限を照合してください。,「C測定と個人ばく露比較」の覚え方・確認手順は？,「C測定と個人ばく露比較」ではA/B/C測定の使い分けを軸に、条文・数値・主体の取り違えを比較表で整理してください。 典型誤答はC測定を万能と誤解し、指定作業場や評価目的を無視して選択肢を誤る。。 過去問では条件文の主語入れ替え肢に注意してください。,「C測定と個人ばく露比較」の公式情報はどこで確認しますか？,「C測定と個人ばく露比較」ではA/B/C測定の使い分けを軸に、条文・数値・主体の取り違えを比較表で整理してください。 典型誤答はC測定を万能と誤解し、指定作業場や評価目的を無視して選択肢を誤る。。 過去問では条件文の主語入れ替え肢に注意してください。,
review-procedure-category-compare-s34,区分見直し手続の比較,労働衛生,管理区分;見直し手続,管理区分見直し時の手続主体と報告経路を比較します。,見直し主体;報告経路,"[{""axis"": ""契機"", ""cols"": [""管理区分（第1〜第3）の評価"", ""設備変更を起点""]}, {""axis"": ""主体"", ""cols"": [""化学物質管理者（選任・職務）"", ""衛生管理者（選任・常勤・専任・資格区分）""]}, {""axis"": ""実施"", ""cols"": [""作業環境測定結果の評価・公表（概念）"", ""リスクアセスメント（化学・作業環境）""]}, {""axis"": ""報告"", ""cols"": [""作業環境測定結果の報告（監督署）"", ""特定化学物質の記録保存・提示・監督署報告""]}, {""axis"": ""誤答傾向"", ""cols"": [""責任者不在"", ""報告ルート混乱""]}]",区分見直し手続の比較｜S34,見直し手続は主体と報告経路を対で覚えると誤答しにくくなります。,契機判断;主体明確化;報告経路,見直し作業を現場任せにして、法定責任者と報告経路を明示しない誤りが生じる。,見直しは主体・報告を同時に確定する。,管理区分（第1〜第3）の評価;化学物質管理者（選任・職務）;作業環境測定結果の報告（監督署）,「区分見直し手続の比較」の試験での位置づけは？,見直し手続は主体と報告経路を対で覚えると誤答しにくくなります。 試験では契機判断を軸に、関連条文・数値・主体の取り違えを照合してください。 過去問で正誤の型を分類し、試験要項で数値・期限を照合してください。,「区分見直し手続の比較」でよくある誤答パターンは？,見直し作業を現場任せにして、法定責任者と報告経路を明示しない誤りが生じる。 誤答肢では主体明確化の主語や条件が入れ替わることが多いので、比較表で整理してください。 過去問で正誤の型を分類し、試験要項で数値・期限を照合してください。,「区分見直し手続の比較」の覚え方・確認手順は？,「区分見直し手続の比較」では契機判断を軸に、条文・数値・主体の取り違えを比較表で整理してください。 典型誤答は見直し作業を現場任せにして、法定責任者と報告経路を明示しない誤りが生じる。。 過去問では条件文の主語入れ替え肢に注意してください。,「区分見直し手続の比較」の公式情報はどこで確認しますか？,「区分見直し手続の比較」では契機判断を軸に、条文・数値・主体の取り違えを比較表で整理してください。 典型誤答は見直し作業を現場任せにして、法定責任者と報告経路を明示しない誤りが生じる。。 過去問では条件文の主語入れ替え肢に注意してください。,
five-domain-score-strategy-compare-s34,5範囲配点戦略の比較,関係法令,5範囲;配点戦略,5範囲ごとの学習配分と得点安定化の戦略を比較します。,範囲別得点;復習順序,"[{""axis"": ""配分"", ""cols"": [""44問5範囲"", ""有害業務を含む""]}, {""axis"": ""基準"", ""cols"": [""総合240点"", ""各範囲40点""]}, {""axis"": ""週次運用"", ""cols"": [""模試で範囲別集計"", ""弱点範囲を優先""]}, {""axis"": ""直前運用"", ""cols"": [""誤答肢の再演習"", ""新規論点は最小化""]}, {""axis"": ""誤答傾向"", ""cols"": [""得意範囲偏重"", ""足切り軽視""]}]",5範囲配点戦略の比較｜S34,配点戦略は『足切り回避→総合点上積み』の順で設計すると安定します。,5範囲配分;足切り回避;誤答復習,総合点優先で得意分野だけ回し、範囲別40点未満を放置する失敗が多い。,配点戦略は弱点範囲から埋める。,衛生工学衛生管理者;労働安全衛生法;衛生管理者（選任・常勤・専任・資格区分）,「5範囲配点戦略の比較」の試験での位置づけは？,配点戦略は『足切り回避→総合点上積み』の順で設計すると安定します。 試験では5範囲配分を軸に、関連条文・数値・主体の取り違えを照合してください。 過去問で正誤の型を分類し、試験要項で数値・期限を照合してください。,「5範囲配点戦略の比較」でよくある誤答パターンは？,総合点優先で得意分野だけ回し、範囲別40点未満を放置する失敗が多い。 誤答肢では足切り回避の主語や条件が入れ替わることが多いので、比較表で整理してください。 過去問で正誤の型を分類し、試験要項で数値・期限を照合してください。,「5範囲配点戦略の比較」の覚え方・確認手順は？,「5範囲配点戦略の比較」では5範囲配分を軸に、条文・数値・主体の取り違えを比較表で整理してください。 典型誤答は総合点優先で得意分野だけ回し、範囲別40点未満を放置する失敗が多い。。 過去問では条件文の主語入れ替え肢に注意してください。,「5範囲配点戦略の比較」の公式情報はどこで確認しますか？,「5範囲配点戦略の比較」では5範囲配分を軸に、条文・数値・主体の取り違えを比較表で整理してください。 典型誤答は総合点優先で得意分野だけ回し、範囲別40点未満を放置する失敗が多い。。 過去問では条件文の主語入れ替え肢に注意してください。,
ten-person-appointment-compare-s34,10人選任論点の比較,関係法令,衛生管理体制;選任,10人規模の選任論点と委員会論点の違いを比較し、混同を防ぎます。,人数基準;制度目的,"[{""axis"": ""人数"", ""cols"": [""衛生委員会"", ""安全衛生管理体制（総括／衛生管理者／産業医）""]}, {""axis"": ""選任"", ""cols"": [""衛生管理者（選任・常勤・専任・資格区分）"", ""店社安全衛生管理者""]}, {""axis"": ""委員会"", ""cols"": [""衛生委員会"", ""総括安全衛生管理者""]}, {""axis"": ""記録"", ""cols"": [""記録の作成・保存（測定・健康診断・教育等）"", ""会議記録も保持""]}, {""axis"": ""誤答傾向"", ""cols"": [""委員会基準と選任基準の混同"", ""責任者取り違え""]}]",10人選任論点の比較｜S34,人数基準は制度目的ごとに分けて整理すると、ひっかけ問題に強くなります。,人数基準の分離;体制理解;記録保持,10人基準をそのまま選任要件へ転用し、制度の目的差を見落とす誤りが目立つ。,人数基準は制度目的で分けて覚える。,衛生管理者（選任・常勤・専任・資格区分）;安全衛生管理体制;衛生委員会,「10人選任論点の比較」の試験での位置づけは？,人数基準は制度目的ごとに分けて整理すると、ひっかけ問題に強くなります。 試験では人数基準の分離を軸に、関連条文・数値・主体の取り違えを照合してください。 過去問で正誤の型を分類し、試験要項で数値・期限を照合してください。,「10人選任論点の比較」でよくある誤答パターンは？,10人基準をそのまま選任要件へ転用し、制度の目的差を見落とす誤りが目立つ。 誤答肢では体制理解の主語や条件が入れ替わることが多いので、比較表で整理してください。 過去問で正誤の型を分類し、試験要項で数値・期限を照合してください。,「10人選任論点の比較」の覚え方・確認手順は？,「10人選任論点の比較」では人数基準の分離を軸に、条文・数値・主体の取り違えを比較表で整理してください。 典型誤答は10人基準をそのまま選任要件へ転用し、制度の目的差を見落とす誤りが目立つ。。 過去問では条件文の主語入れ替え肢に注意してください。,「10人選任論点の比較」の公式情報はどこで確認しますか？,「10人選任論点の比較」では人数基準の分離を軸に、条文・数値・主体の取り違えを比較表で整理してください。 典型誤答は10人基準をそのまま選任要件へ転用し、制度の目的差を見落とす誤りが目立つ。。 過去問では条件文の主語入れ替え肢に注意してください。,
health-result-disclosure-compare-s34,健診結果開示の比較,労働衛生,健康診断;本人通知,健診結果の本人開示、報告、保存を比較し、実務順序を明確化します。,開示義務;保存義務,"[{""axis"": ""開示"", ""cols"": [""健康診断結果の本人通知"", ""遅滞なく通知""]}, {""axis"": ""報告"", ""cols"": [""健康診断実施報告書（50人以上）"", ""健康診断結果報告書（特殊・定期）""]}, {""axis"": ""保存"", ""cols"": [""健康診断個人票の保存（5年）"", ""記録の作成・保存（測定・健康診断・教育等）""]}, {""axis"": ""措置"", ""cols"": [""健康診断事後措置"", ""二次健康診断等給付（労災）""]}, {""axis"": ""誤答傾向"", ""cols"": [""開示と報告の混同"", ""保存省略""]}]",健診結果開示の比較｜S34,開示義務と報告義務は別制度です。主体と提出先を分けて整理してください。,本人通知;報告義務;5年保存;事後措置,本人通知をしたので監督署報告は不要と誤認し、制度を混同してしまう。,開示・報告・保存を三分割で管理する。,健康診断結果の本人通知;健康診断実施報告書（50人以上）;健康診断個人票の保存（5年）,「健診結果開示の比較」の試験での位置づけは？,開示義務と報告義務は別制度です。主体と提出先を分けて整理してください。 試験では本人通知を軸に、関連条文・数値・主体の取り違えを照合してください。 過去問で正誤の型を分類し、試験要項で数値・期限を照合してください。,「健診結果開示の比較」でよくある誤答パターンは？,本人通知をしたので監督署報告は不要と誤認し、制度を混同してしまう。 誤答肢では報告義務の主語や条件が入れ替わることが多いので、比較表で整理してください。 過去問で正誤の型を分類し、試験要項で数値・期限を照合してください。,「健診結果開示の比較」の覚え方・確認手順は？,「健診結果開示の比較」では本人通知を軸に、条文・数値・主体の取り違えを比較表で整理してください。 典型誤答は本人通知をしたので監督署報告は不要と誤認し、制度を混同してしまう。。 過去問では条件文の主語入れ替え肢に注意してください。,「健診結果開示の比較」の公式情報はどこで確認しますか？,「健診結果開示の比較」では本人通知を軸に、条文・数値・主体の取り違えを比較表で整理してください。 典型誤答は本人通知をしたので監督署報告は不要と誤認し、制度を混同してしまう。。 過去問では条件文の主語入れ替え肢に注意してください。,
risk-assessment-record-compare-s34,リスクアセスメント記録の比較,労働衛生,リスクアセスメント;記録,リスクアセスメント記録の作成、更新、提示の実務を比較します。,記録作成;更新運用,"[{""axis"": ""対象"", ""cols"": [""リスクアセスメント対象物（自律的管理）"", ""化学物質管理者（選任・職務）""]}, {""axis"": ""評価"", ""cols"": [""リスクアセスメント（化学・作業環境）"", ""作業環境測定結果の評価・公表（概念）""]}, {""axis"": ""責任"", ""cols"": [""化学物質管理者（選任・職務）"", ""衛生管理者（選任・常勤・専任・資格区分）""]}, {""axis"": ""保存"", ""cols"": [""記録の作成・保存（測定・健康診断・教育等）"", ""特定化学物質の記録保存・提示・監督署報告""]}, {""axis"": ""誤答傾向"", ""cols"": [""更新忘れ"", ""責任者の不明確化""]}]",リスクアセスメント記録の比較｜S34,記録は作成時点より更新運用が重要で、変更時再評価を前提に管理する必要があります。,対象確認;評価更新;責任者;保存,初回作成後に更新管理が止まり、変更時の再評価根拠を示せない誤りが多い。,記録は更新履歴まで含めて管理する。,リスクアセスメント対象物（自律的管理）;リスクアセスメント;記録の作成・保存（測定・健康診断・教育等）,「リスクアセスメント記録の比較」の試験での位置づけは？,記録は作成時点より更新運用が重要で、変更時再評価を前提に管理する必要があります。 試験では対象確認を軸に、関連条文・数値・主体の取り違えを照合してください。 過去問で正誤の型を分類し、試験要項で数値・期限を照合してください。,「リスクアセスメント記録の比較」でよくある誤答パターンは？,初回作成後に更新管理が止まり、変更時の再評価根拠を示せない誤りが多い。 誤答肢では評価更新の主語や条件が入れ替わることが多いので、比較表で整理してください。 過去問で正誤の型を分類し、試験要項で数値・期限を照合してください。,「リスクアセスメント記録の比較」の覚え方・確認手順は？,「リスクアセスメント記録の比較」では対象確認を軸に、条文・数値・主体の取り違えを比較表で整理してください。 典型誤答は初回作成後に更新管理が止まり、変更時の再評価根拠を示せない誤りが多い。。 過去問では条件文の主語入れ替え肢に注意してください。,「リスクアセスメント記録の比較」の公式情報はどこで確認しますか？,「リスクアセスメント記録の比較」では対象確認を軸に、条文・数値・主体の取り違えを比較表で整理してください。 典型誤答は初回作成後に更新管理が止まり、変更時の再評価根拠を示せない誤りが多い。。 過去問では条件文の主語入れ替え肢に注意してください。,
hiring-education-entry-compare-s34,雇入れ時教育の比較,関係法令,雇入れ時;安全衛生教育,雇入れ時教育と配属後教育の違いを比較し、実施順序を固定します。,実施時点;対象者,"[{""axis"": ""雇入れ前"", ""cols"": [""雇入れ時の安全衛生教育（安衛則35条）"", ""業務前に実施""]}, {""axis"": ""配属後"", ""cols"": [""安全衛生教育"", ""変更時に再教育""]}, {""axis"": ""有害業務"", ""cols"": [""安全衛生教育／特別教育／職長教育／技能講習"", ""対象業務を確認""]}, {""axis"": ""健康管理"", ""cols"": [""雇入時健康診断（直前3月以内省略可）"", ""定期健康診断／雇入時／特殊健康診断""]}, {""axis"": ""誤答傾向"", ""cols"": [""配属後実施で足りる"", ""特別教育との混同""]}]",雇入れ時教育の比較｜S34,雇入れ時教育は時点要件が重要で、配属後実施では法令趣旨を満たせません。,配属前教育;再教育;健診連動,配属してから教育すればよいと考え、実施時点要件を落とす誤りが典型。,雇入れ時教育は配属前完了が原則。,雇入れ時の安全衛生教育（安衛則35条）;安全衛生教育;雇入時健康診断（直前3月以内省略可）,「雇入れ時教育の比較」の試験での位置づけは？,雇入れ時教育は時点要件が重要で、配属後実施では法令趣旨を満たせません。 試験では配属前教育を軸に、関連条文・数値・主体の取り違えを照合してください。 過去問で正誤の型を分類し、試験要項で数値・期限を照合してください。,「雇入れ時教育の比較」でよくある誤答パターンは？,配属してから教育すればよいと考え、実施時点要件を落とす誤りが典型。 誤答肢では再教育の主語や条件が入れ替わることが多いので、比較表で整理してください。 過去問で正誤の型を分類し、試験要項で数値・期限を照合してください。,「雇入れ時教育の比較」の覚え方・確認手順は？,「雇入れ時教育の比較」では配属前教育を軸に、条文・数値・主体の取り違えを比較表で整理してください。 典型誤答は配属してから教育すればよいと考え、実施時点要件を落とす誤りが典型。。 過去問では条件文の主語入れ替え肢に注意してください。,「雇入れ時教育の比較」の公式情報はどこで確認しますか？,「雇入れ時教育の比較」では配属前教育を軸に、条文・数値・主体の取り違えを比較表で整理してください。 典型誤答は配属してから教育すればよいと考え、実施時点要件を落とす誤りが典型。。 過去問では条件文の主語入れ替え肢に注意してください。,
harmful-work-deep-compare-s35,第一種有害業務深掘りの比較,関係法令,有害業務;第一種,「第一種有害業務深掘りの比較」と「手順」（基礎整理）について、目的・主体・手続・数値・試験論点の5軸で違いを比較します。,第一種有害業務深掘りの比較（頻出論点）;手順（逆転肢）,"[{""axis"": ""目的（定義・目的）"", ""cols"": [""第一種有害業務深掘りの比較の目的"", ""手順の目的""]}, {""axis"": ""主体（定義・目的）"", ""cols"": [""第一種有害業務深掘りの比較の義務者"", ""手順の義務者""]}, {""axis"": ""対象（定義・目的）"", ""cols"": [""第一種有害業務深掘りの比較の適用範囲"", ""手順の適用範囲""]}, {""axis"": ""手続（定義・目的）"", ""cols"": [""第一種有害業務深掘りの比較の手続"", ""手順の手続""]}, {""axis"": ""試験（定義・目的）"", ""cols"": [""第一種有害業務深掘りの比較の頻出論点"", ""手順との混同点""]}]",第一種有害業務深掘りの比較整理｜S35,第一種有害業務深掘りは用語の定義と義務主体を先に固定し、比較表で整理してください。,類似語の入替肢に注意;第一種有害業務深掘りの定義と主体を固定;用語の境界を表で整理,記録・報告義務を見落とす;旧要項・旧数値をそのまま適用;第一種有害業務深掘りの主体を固定せずに暗記,「第一種有害業務深掘り＝定義→主体→対象」,衛生工学衛生管理者;衛生管理者（選任・常勤・専任・資格区分）;労働安全衛生法,「第一種有害業務深掘りの比較」の試験での位置づけは？,第一種有害業務深掘りは義務主体・実施手順・記録保存の順で整理すると得点が安定します。 試験では衛生工学衛生管理者（有害業務での選任）を軸に、関連条文・数値・主体の取り違えを照合してください。 過去問で正誤の型を分類し、試験要項で数値・期限を照合してください。,「第一種有害業務深掘りの比較」でよくある誤答パターンは？,主体と手順の混同;記録省略;報告漏れ 誤答肢では衛生管理者（選任・常勤・専任・資格区分）の主語や条件が入れ替わることが多いので、比較表で整理してください。 過去問で正誤の型を分類し、試験要項で数値・期限を照合してください。,「第一種有害業務深掘りの比較」の覚え方・確認手順は？,「第一種有害業務深掘りの比較」では衛生工学衛生管理者（有害業務での選任）を軸に、条文・数値・主体の取り違えを比較表で整理してください。 典型誤答は主体と手順の混同;記録省略;報告漏れ。 過去問では条件文の主語入れ替え肢に注意してください。,「第一種有害業務深掘りの比較」の公式情報はどこで確認しますか？,「第一種有害業務深掘りの比較」では衛生工学衛生管理者（有害業務での選任）を軸に、条文・数値・主体の取り違えを比較表で整理してください。 典型誤答は主体と手順の混同;記録省略;報告漏れ。 過去問では条件文の主語入れ替え肢に注意してください。,
exam44-domains-compare-s35,44問各範囲攻略の比較,労働衛生,44問;5範囲,「44問各範囲攻略の比較」と「実施」（基礎整理）について、目的・主体・手続・数値・試験論点の5軸で違いを比較します。,44問各範囲攻略の比較（頻出論点）;実施（逆転肢）,"[{""axis"": ""目的（定義・目的）"", ""cols"": [""44問各範囲攻略の比較の目的"", ""実施の目的""]}, {""axis"": ""主体（定義・目的）"", ""cols"": [""44問各範囲攻略の比較の義務者"", ""実施の義務者""]}, {""axis"": ""対象（定義・目的）"", ""cols"": [""44問各範囲攻略の比較の適用範囲"", ""実施の適用範囲""]}, {""axis"": ""手続（定義・目的）"", ""cols"": [""44問各範囲攻略の比較の手続"", ""実施の手続""]}, {""axis"": ""試験（定義・目的）"", ""cols"": [""44問各範囲攻略の比較の頻出論点"", ""実施との混同点""]}]",44問各範囲攻略の比較整理｜S35,44問各範囲攻略は用語の定義と義務主体を先に固定し、比較表で整理してください。,44問各範囲攻略の定義と主体を固定;用語の境界を表で整理;類似語の入替肢に注意,記録・報告義務を見落とす;旧要項・旧数値をそのまま適用;44問各範囲攻略の主体を固定せずに暗記,「44問各範囲攻略＝定義→主体→対象」,衛生工学衛生管理者;労働安全衛生法;衛生管理者（選任・常勤・専任・資格区分）,「44問各範囲攻略の比較」の試験での位置づけは？,44問各範囲攻略は義務主体・実施手順・記録保存の順で整理すると得点が安定します。 試験では衛生工学衛生管理者（有害業務での選任）を軸に、関連条文・数値・主体の取り違えを照合してください。 過去問で正誤の型を分類し、試験要項で数値・期限を照合してください。,「44問各範囲攻略の比較」でよくある誤答パターンは？,「44問各範囲攻略の比較」では衛生工学衛生管理者（有害業務での選任）を軸に、条文・数値・主体の取り違えを比較表で整理してください。 典型誤答は主体と手順の混同;記録省略;報告漏れ。 過去問では条件文の主語入れ替え肢に注意してください。,「44問各範囲攻略の比較」の覚え方・確認手順は？,「44問各範囲攻略の比較」では衛生工学衛生管理者（有害業務での選任）を軸に、条文・数値・主体の取り違えを比較表で整理してください。 典型誤答は主体と手順の混同;記録省略;報告漏れ。 過去問では条件文の主語入れ替え肢に注意してください。,「44問各範囲攻略の比較」の公式情報はどこで確認しますか？,「44問各範囲攻略の比較」では衛生工学衛生管理者（有害業務での選任）を軸に、条文・数値・主体の取り違えを比較表で整理してください。 典型誤答は主体と手順の混同;記録省略;報告漏れ。 過去問では条件文の主語入れ替え肢に注意してください。,
work-supervisor-link-compare-s35,作業主任者連携の比較,労働衛生,作業主任者;衛生管理,「作業主任者連携の比較」と「論点B」（基礎整理）について、目的・主体・手続・数値・試験論点の5軸で違いを比較します。,作業主任者連携の比較（頻出論点）;論点B（逆転肢）,"[{""axis"": ""目的（定義・目的）"", ""cols"": [""作業主任者連携の比較の目的"", ""論点Bの目的""]}, {""axis"": ""主体（定義・目的）"", ""cols"": [""作業主任者連携の比較の義務者"", ""論点Bの義務者""]}, {""axis"": ""対象（定義・目的）"", ""cols"": [""作業主任者連携の比較の適用範囲"", ""論点Bの適用範囲""]}, {""axis"": ""手続（定義・目的）"", ""cols"": [""作業主任者連携の比較の手続"", ""論点Bの手続""]}, {""axis"": ""試験（定義・目的）"", ""cols"": [""作業主任者連携の比較の頻出論点"", ""論点Bとの混同点""]}]",作業主任者連携の比較整理｜S35,作業主任者連携は用語の定義と義務主体を先に固定し、比較表で整理してください。,用語の境界を表で整理;類似語の入替肢に注意;作業主任者連携の定義と主体を固定,手順を省略したまま正解と判断;記録・報告義務を見落とす;旧要項・旧数値をそのまま適用,「作業主任者連携＝定義→主体→対象」,労働安全衛生法;衛生工学衛生管理者;衛生管理者（選任・常勤・専任・資格区分）;作業主任者（各種危険有害業務）,「作業主任者連携の比較」の試験での位置づけは？,作業主任者連携は義務主体・実施手順・記録保存の順で整理すると得点が安定します。 試験では労働安全衛生法を軸に、関連条文・数値・主体の取り違えを照合してください。 過去問で正誤の型を分類し、試験要項で数値・期限を照合してください。,「作業主任者連携の比較」でよくある誤答パターンは？,主体と手順の混同;記録省略;報告漏れ 誤答肢では衛生工学衛生管理者（有害業務での選任）の主語や条件が入れ替わることが多いので、比較表で整理してください。 過去問で正誤の型を分類し、試験要項で数値・期限を照合してください。,「作業主任者連携の比較」の覚え方・確認手順は？,「作業主任者連携の比較」では労働安全衛生法を軸に、条文・数値・主体の取り違えを比較表で整理してください。 典型誤答は主体と手順の混同;記録省略;報告漏れ。 過去問では条件文の主語入れ替え肢に注意してください。,「作業主任者連携の比較」の公式情報はどこで確認しますか？,「作業主任者連携の比較」では労働安全衛生法を軸に、条文・数値・主体の取り違えを比較表で整理してください。 典型誤答は主体と手順の混同;記録省略;報告漏れ。 過去問では条件文の主語入れ替え肢に注意してください。,
asbestos-removal-compare-s35,石綿除去管理の比較,労働衛生,石綿;除去,「石綿除去管理の比較」と「実施」（基礎整理）について、目的・主体・手続・数値・試験論点の5軸で違いを比較します。,石綿除去管理の比較（頻出論点）;実施（逆転肢）,"[{""axis"": ""目的（定義・目的）"", ""cols"": [""石綿除去管理の比較の目的"", ""実施の目的""]}, {""axis"": ""主体（定義・目的）"", ""cols"": [""石綿除去管理の比較の義務者"", ""実施の義務者""]}, {""axis"": ""対象（定義・目的）"", ""cols"": [""石綿除去管理の比較の適用範囲"", ""実施の適用範囲""]}, {""axis"": ""手続（定義・目的）"", ""cols"": [""石綿除去管理の比較の手続"", ""実施の手続""]}, {""axis"": ""試験（定義・目的）"", ""cols"": [""石綿除去管理の比較の頻出論点"", ""実施との混同点""]}]",石綿除去管理の比較整理｜S35,石綿除去管理は用語の定義と義務主体を先に固定し、比較表で整理してください。,類似語の入替肢に注意;石綿除去管理の定義と主体を固定;用語の境界を表で整理,旧要項・旧数値をそのまま適用;石綿除去管理の主体を固定せずに暗記;法令と類似制度を混同,「石綿除去管理＝定義→主体→対象」,石綿障害予防規則（事前調査・除去・記録）;石綿事前調査・除去等作業従事者の選任・記録;特殊健康診断;石綿（健康影響）,「石綿除去管理の比較」の試験での位置づけは？,石綿除去管理は義務主体・実施手順・記録保存の順で整理すると得点が安定します。 試験では石綿障害予防規則（事前調査・除去・記録）を軸に、関連条文・数値・主体の取り違えを照合してください。 過去問で正誤の型を分類し、試験要項で数値・期限を照合してください。,「石綿除去管理の比較」でよくある誤答パターンは？,主体と手順の混同;記録省略;報告漏れ 誤答肢では石綿事前調査・除去等作業従事者の選任・記録の主語や条件が入れ替わることが多いので、比較表で整理してください。 過去問で正誤の型を分類し、試験要項で数値・期限を照合してください。,「石綿除去管理の比較」の覚え方・確認手順は？,「石綿除去管理の比較」では石綿障害予防規則（事前調査・除去・記録）を軸に、条文・数値・主体の取り違えを比較表で整理してください。 典型誤答は主体と手順の混同;記録省略;報告漏れ。 過去問では条件文の主語入れ替え肢に注意してください。,「石綿除去管理の比較」の公式情報はどこで確認しますか？,「石綿除去管理の比較」では石綿障害予防規則（事前調査・除去・記録）を軸に、条文・数値・主体の取り違えを比較表で整理してください。 典型誤答は主体と手順の混同;記録省略;報告漏れ。 過去問では条件文の主語入れ替え肢に注意してください。,
lead-management-compare-s35,鉛管理の比較,労働衛生,鉛;特殊健康診断,「鉛管理の比較」と「論点B」（基礎整理）について、目的・主体・手続・数値・試験論点の5軸で違いを比較します。,鉛管理の比較（頻出論点）;論点B（逆転肢）,"[{""axis"": ""目的（定義・目的）"", ""cols"": [""鉛管理の比較の目的"", ""論点Bの目的""]}, {""axis"": ""主体（定義・目的）"", ""cols"": [""鉛管理の比較の義務者"", ""論点Bの義務者""]}, {""axis"": ""対象（定義・目的）"", ""cols"": [""鉛管理の比較の適用範囲"", ""論点Bの適用範囲""]}, {""axis"": ""手続（定義・目的）"", ""cols"": [""鉛管理の比較の手続"", ""論点Bの手続""]}, {""axis"": ""試験（定義・目的）"", ""cols"": [""鉛管理の比較の頻出論点"", ""論点Bとの混同点""]}]",鉛管理の比較整理｜S35,鉛管理は用語の定義と義務主体を先に固定し、比較表で整理してください。,類似語の入替肢に注意;鉛管理の定義と主体を固定;用語の境界を表で整理,旧要項・旧数値をそのまま適用;鉛管理の主体を固定せずに暗記;論点Aと類似制度を混同,「鉛管理＝定義→主体→対象」,特殊健康診断;健康診断事後措置;健康診断個人票の保存（5年）,「論点A」と「論点B」の違いは何ですか？,鉛管理（基礎整理）では、比較表の5軸（目的・主体・手続・数値・試験論点）で論点Aと論点Bを並べ、主語と条件文の差を確認してください。 試験では類似語の入替肢に注意をセットで確認してください。 誤答では旧要項・旧数値をそのまま適用に注意してください。,「鉛管理」の比較表の使い方は？,鉛管理は用語の定義と義務主体を先に固定し、比較表で整理してください。 過去問で入れ替わった肢は、表のどの行が逆転したかをメモしてください。 試験では類似語の入替肢に注意をセットで確認してください。 誤答では旧要項・旧数値をそのまま適用に注意してください。,「鉛管理」で試験に出やすい混同は？,旧要項・旧数値をそのまま適用;鉛管理の主体を固定せずに暗記;論点Aと類似制度を混同 名称だけで判断せず、論点Aと論点Bそれぞれの義務主体を条文で確認してください。 試験では類似語の入替肢に注意をセットで確認してください。,「鉛管理」の直前復習（基礎整理）は？,比較表を見ずに論点Aと論点Bの違いを口述し、 誤答した設問は逆転した軸（主体・手順・数値）をタグ付けして再演習してください。 試験では類似語の入替肢に注意をセットで確認してください。 誤答では旧要項・旧数値をそのまま適用に注意してください。,
organic-first-class-compare-s35,有機溶剤第一種管理：有機溶剤第一種管理の比較の比較,労働衛生,有機溶剤;第一種,「有機溶剤第一種管理の比較」と「手順」（基礎整理）について、目的・主体・手続・数値・試験論点の5軸で違いを比較します。,有機溶剤第一種管理の比較（頻出論点）;手順（逆転肢）,"[{""axis"": ""目的（定義・目的）"", ""cols"": [""有機溶剤第一種管理の比較の目的"", ""手順の目的""]}, {""axis"": ""主体（定義・目的）"", ""cols"": [""有機溶剤第一種管理の比較の義務者"", ""手順の義務者""]}, {""axis"": ""対象（定義・目的）"", ""cols"": [""有機溶剤第一種管理の比較の適用範囲"", ""手順の適用範囲""]}, {""axis"": ""手続（定義・目的）"", ""cols"": [""有機溶剤第一種管理の比較の手続"", ""手順の手続""]}, {""axis"": ""試験（定義・目的）"", ""cols"": [""有機溶剤第一種管理の比較の頻出論点"", ""手順との混同点""]}]",有機溶剤第一種管理の比較整理｜S35,有機溶剤第一種管理は用語の定義と義務主体を先に固定し、比較表で整理してください。,用語の境界を表で整理;類似語の入替肢に注意;有機溶剤第一種管理の定義と主体を固定,対象と類似制度を混同;手順を省略したまま正解と判断;記録・報告義務を見落とす,「有機溶剤第一種管理＝定義→主体→対象」,有機溶剤中毒予防規則（区分・局所排気・評価）;特殊健康診断;作業環境測定,「有機溶剤第一種管理の比較」の試験での位置づけは？,有機溶剤第一種管理は義務主体・実施手順・記録保存の順で整理すると得点が安定します。 試験では有機溶剤中毒予防規則（区分・局所排気・評価）を軸に、関連条文・数値・主体の取り違えを照合してください。 過去問で正誤の型を分類し、試験要項で数値・期限を照合してください。,「有機溶剤第一種管理の比較」でよくある誤答パターンは？,主体と手順の混同;記録省略;報告漏れ 誤答肢では特殊健康診断（有機溶剤）の主語や条件が入れ替わることが多いので、比較表で整理してください。 過去問で正誤の型を分類し、試験要項で数値・期限を照合してください。,「有機溶剤第一種管理の比較」の覚え方・確認手順は？,「有機溶剤第一種管理の比較」では有機溶剤中毒予防規則（区分・局所排気・評価）を軸に、条文・数値・主体の取り違えを比較表で整理してください。 典型誤答は主体と手順の混同;記録省略;報告漏れ。 過去問では条件文の主語入れ替え肢に注意してください。,「有機溶剤第一種管理の比較」の公式情報はどこで確認しますか？,「有機溶剤第一種管理の比較」では有機溶剤中毒予防規則（区分・局所排気・評価）を軸に、条文・数値・主体の取り違えを比較表で整理してください。 典型誤答は主体と手順の混同;記録省略;報告漏れ。 過去問では条件文の主語入れ替え肢に注意してください。,
appointment-requirements-compare-s35,選任要件の比較,関係法令,選任;衛生管理者,「選任要件の比較」と「実施」（基礎整理）について、目的・主体・手続・数値・試験論点の5軸で違いを比較します。,選任要件の比較（頻出論点）;実施（逆転肢）,"[{""axis"": ""目的（定義・目的）"", ""cols"": [""選任要件の比較の目的"", ""実施の目的""]}, {""axis"": ""主体（定義・目的）"", ""cols"": [""選任要件の比較の義務者"", ""実施の義務者""]}, {""axis"": ""対象（定義・目的）"", ""cols"": [""選任要件の比較の適用範囲"", ""実施の適用範囲""]}, {""axis"": ""手続（定義・目的）"", ""cols"": [""選任要件の比較の手続"", ""実施の手続""]}, {""axis"": ""試験（定義・目的）"", ""cols"": [""選任要件の比較の頻出論点"", ""実施との混同点""]}]",選任要件の比較整理｜S35,選任要件は用語の定義と義務主体を先に固定し、比較表で整理してください。,選任要件の定義と主体を固定;用語の境界を表で整理;類似語の入替肢に注意,選任要件の主体を固定せずに暗記;法令と類似制度を混同;手順を省略したまま正解と判断,「選任要件＝定義→主体→対象」,衛生管理者（選任・常勤・専任・資格区分）;専任の衛生管理者（有害業務30人超）;安全衛生管理体制,「法令」と「実施」の違いは何ですか？,選任要件（基礎整理）では、比較表の5軸（目的・主体・手続・数値・試験論点）で法令と実施を並べ、主語と条件文の差を確認してください。 試験では選任要件の定義と主体を固定をセットで確認してください。 誤答では選任要件の主体を固定せずに暗記に注意してください。,「選任要件」の比較表の使い方は？,選任要件は用語の定義と義務主体を先に固定し、比較表で整理してください。 過去問で入れ替わった肢は、表のどの行が逆転したかをメモしてください。 試験では選任要件の定義と主体を固定をセットで確認してください。,「選任要件」で試験に出やすい混同は？,選任要件の主体を固定せずに暗記;法令と類似制度を混同;手順を省略したまま正解と判断 名称だけで判断せず、法令と実施それぞれの義務主体を条文で確認してください。 試験では選任要件の定義と主体を固定をセットで確認してください。,「選任要件」の直前復習（基礎整理）は？,比較表を見ずに法令と実施の違いを口述し、 誤答した設問は逆転した軸（主体・手順・数値）をタグ付けして再演習してください。 試験では選任要件の定義と主体を固定をセットで確認してください。 誤答では選任要件の主体を固定せずに暗記に注意してください。,
special-health-exam-compare-s35,特殊健診の比較,労働衛生,特殊健康診断;事後措置,「特殊健診の比較」と「論点B」（基礎整理）について、目的・主体・手続・数値・試験論点の5軸で違いを比較します。,特殊健診の比較（頻出論点）;論点B（逆転肢）,"[{""axis"": ""目的（定義・目的）"", ""cols"": [""特殊健診の比較の目的"", ""論点Bの目的""]}, {""axis"": ""主体（定義・目的）"", ""cols"": [""特殊健診の比較の義務者"", ""論点Bの義務者""]}, {""axis"": ""対象（定義・目的）"", ""cols"": [""特殊健診の比較の適用範囲"", ""論点Bの適用範囲""]}, {""axis"": ""手続（定義・目的）"", ""cols"": [""特殊健診の比較の手続"", ""論点Bの手続""]}, {""axis"": ""試験（定義・目的）"", ""cols"": [""特殊健診の比較の頻出論点"", ""論点Bとの混同点""]}]",特殊健診の比較整理｜S35,特殊健診は用語の定義と義務主体を先に固定し、比較表で整理してください。,類似語の入替肢に注意;特殊健診の定義と主体を固定;用語の境界を表で整理,記録・報告義務を見落とす;旧要項・旧数値をそのまま適用;特殊健診の主体を固定せずに暗記,「特殊健診＝定義→主体→対象」,定期健康診断／雇入時／特殊健康診断;健康診断結果の本人通知;健康診断事後措置;特殊健康診断,「論点A」と「論点B」の違いは何ですか？,特殊健診（基礎整理）では、比較表の5軸（目的・主体・手続・数値・試験論点）で論点Aと論点Bを並べ、主語と条件文の差を確認してください。 試験では類似語の入替肢に注意をセットで確認してください。 誤答では記録・報告義務を見落とすに注意してください。,「特殊健診」の比較表の使い方は？,特殊健診は用語の定義と義務主体を先に固定し、比較表で整理してください。 過去問で入れ替わった肢は、表のどの行が逆転したかをメモしてください。 試験では類似語の入替肢に注意をセットで確認してください。 誤答では記録・報告義務を見落とすに注意してください。,「特殊健診」で試験に出やすい混同は？,記録・報告義務を見落とす;旧要項・旧数値をそのまま適用;特殊健診の主体を固定せずに暗記 名称だけで判断せず、論点Aと論点Bそれぞれの義務主体を条文で確認してください。 試験では類似語の入替肢に注意をセットで確認してください。,「特殊健診」の直前復習（基礎整理）は？,比較表を見ずに論点Aと論点Bの違いを口述し、 誤答した設問は逆転した軸（主体・手順・数値）をタグ付けして再演習してください。 試験では類似語の入替肢に注意をセットで確認してください。 誤答では記録・報告義務を見落とすに注意してください。,
improvement-plan-compare-s35,改善計画の比較,関係法令,改善計画;措置,「改善計画の比較」と「手順」（基礎整理）について、目的・主体・手続・数値・試験論点の5軸で違いを比較します。,改善計画の比較（頻出論点）;手順（逆転肢）,"[{""axis"": ""目的（定義・目的）"", ""cols"": [""改善計画の比較の目的"", ""手順の目的""]}, {""axis"": ""主体（定義・目的）"", ""cols"": [""改善計画の比較の義務者"", ""手順の義務者""]}, {""axis"": ""対象（定義・目的）"", ""cols"": [""改善計画の比較の適用範囲"", ""手順の適用範囲""]}, {""axis"": ""手続（定義・目的）"", ""cols"": [""改善計画の比較の手続"", ""手順の手続""]}, {""axis"": ""試験（定義・目的）"", ""cols"": [""改善計画の比較の頻出論点"", ""手順との混同点""]}]",改善計画の比較整理｜S35,改善計画は用語の定義と義務主体を先に固定し、比較表で整理してください。,用語の境界を表で整理;類似語の入替肢に注意;改善計画の定義と主体を固定,対象と類似制度を混同;手順を省略したまま正解と判断;記録・報告義務を見落とす,「改善計画＝定義→主体→対象」,安全衛生改善計画（届出・公表）;作業環境評価基準・管理区分（第1～第3）;記録の作成・保存（測定・健康診断・教育等）,「対象」と「手順」の違いは何ですか？,改善計画（基礎整理）では、比較表の5軸（目的・主体・手続・数値・試験論点）で対象と手順を並べ、主語と条件文の差を確認してください。 試験では用語の境界を表で整理をセットで確認してください。 誤答では対象と類似制度を混同に注意してください。,「改善計画」の比較表の使い方は？,改善計画は用語の定義と義務主体を先に固定し、比較表で整理してください。 過去問で入れ替わった肢は、表のどの行が逆転したかをメモしてください。 試験では用語の境界を表で整理をセットで確認してください。 誤答では対象と類似制度を混同に注意してください。,「改善計画」で試験に出やすい混同は？,対象と類似制度を混同;手順を省略したまま正解と判断;記録・報告義務を見落とす 名称だけで判断せず、対象と手順それぞれの義務主体を条文で確認してください。 試験では用語の境界を表で整理をセットで確認してください。,「改善計画」の直前復習（基礎整理）は？,比較表を見ずに対象と手順の違いを口述し、 誤答した設問は逆転した軸（主体・手順・数値）をタグ付けして再演習してください。 試験では用語の境界を表で整理をセットで確認してください。 誤答では対象と類似制度を混同に注意してください。,
daiichi-harmful-comprehensive-compare-s40,第一種有害業務総合の比較,関係法令,有害業務;第一種,「第一種有害業務総合の比較」と「手順」（基礎整理）について、目的・主体・手続・数値・試験論点の5軸で違いを比較します。,第一種有害業務総合の比較（頻出論点）;手順（逆転肢）,"[{""axis"": ""目的（定義・目的）"", ""cols"": [""第一種有害業務総合の比較の目的"", ""手順の目的""]}, {""axis"": ""主体（定義・目的）"", ""cols"": [""第一種有害業務総合の比較の義務者"", ""手順の義務者""]}, {""axis"": ""対象（定義・目的）"", ""cols"": [""第一種有害業務総合の比較の適用範囲"", ""手順の適用範囲""]}, {""axis"": ""手続（定義・目的）"", ""cols"": [""第一種有害業務総合の比較の手続"", ""手順の手続""]}, {""axis"": ""試験（定義・目的）"", ""cols"": [""第一種有害業務総合の比較の頻出論点"", ""手順との混同点""]}]",第一種有害業務総合の比較整理｜S40,第一種有害業務総合は用語の定義と義務主体を先に固定し、比較表で整理してください。,用語の境界を表で整理;類似語の入替肢に注意;第一種有害業務総合の定義と主体を固定,対象と類似制度を混同;手順を省略したまま正解と判断;記録・報告義務を見落とす,「第一種有害業務総合＝定義→主体→対象」,衛生工学衛生管理者;衛生管理者（選任・常勤・専任・資格区分）;労働安全衛生法,「第一種有害業務総合の比較」の試験での位置づけは？,第一種有害業務総合は義務主体・実施手順・記録保存の順で整理すると得点が安定します。 試験では衛生工学衛生管理者（有害業務での選任）を軸に、関連条文・数値・主体の取り違えを照合してください。 過去問で正誤の型を分類し、試験要項で数値・期限を照合してください。,「第一種有害業務総合の比較」でよくある誤答パターンは？,主体と手順の混同;記録省略;報告漏れ 誤答肢では衛生管理者（選任・常勤・専任・資格区分）の主語や条件が入れ替わることが多いので、比較表で整理してください。 過去問で正誤の型を分類し、試験要項で数値・期限を照合してください。,「第一種有害業務総合の比較」の覚え方・確認手順は？,「第一種有害業務総合の比較」では衛生工学衛生管理者（有害業務での選任）を軸に、条文・数値・主体の取り違えを比較表で整理してください。 典型誤答は主体と手順の混同;記録省略;報告漏れ。 過去問では条件文の主語入れ替え肢に注意してください。,「第一種有害業務総合の比較」の公式情報はどこで確認しますか？,「第一種有害業務総合の比較」では衛生工学衛生管理者（有害業務での選任）を軸に、条文・数値・主体の取り違えを比較表で整理してください。 典型誤答は主体と手順の混同;記録省略;報告漏れ。 過去問では条件文の主語入れ替え肢に注意してください。,
tokuka-first-class-detail-compare-s40,特定化学物質第一類詳細の比較,関係法令,第一類;特定化学物質,「特定化学物質第一類詳細の比較」と「手順」（基礎整理）について、目的・主体・手続・数値・試験論点の5軸で違いを比較します。,特定化学物質第一類詳細の比較（頻出論点）;手順（逆転肢）,"[{""axis"": ""目的（定義・目的）"", ""cols"": [""特定化学物質第一類詳細の比較の目的"", ""手順の目的""]}, {""axis"": ""主体（定義・目的）"", ""cols"": [""特定化学物質第一類詳細の比較の義務者"", ""手順の義務者""]}, {""axis"": ""対象（定義・目的）"", ""cols"": [""特定化学物質第一類詳細の比較の適用範囲"", ""手順の適用範囲""]}, {""axis"": ""手続（定義・目的）"", ""cols"": [""特定化学物質第一類詳細の比較の手続"", ""手順の手続""]}, {""axis"": ""試験（定義・目的）"", ""cols"": [""特定化学物質第一類詳細の比較の頻出論点"", ""手順との混同点""]}]",特定化学物質第一類詳細の比較整理｜S40,特定化学物質第一類詳細は用語の定義と義務主体を先に固定し、比較表で整理してください。,特定化学物質第一類詳細の定義と主体を固定;用語の境界を表で整理;類似語の入替肢に注意,特定化学物質第一類詳細の主体を固定せずに暗記;対象と類似制度を混同;手順を省略したまま正解と判断,「特定化学物質第一類詳細＝定義→主体→対象」,製造許可物質（第1類特定化学物質）;特定化学物質障害予防規則（区分・技術的措置）;化学物質管理者（選任・職務）,「特定化学物質第一類詳細の比較」の試験での位置づけは？,特定化学物質第一類詳細は義務主体・実施手順・記録保存の順で整理すると得点が安定します。 試験では製造許可物質（第1類特定化学物質）を軸に、関連条文・数値・主体の取り違えを照合してください。 過去問で正誤の型を分類し、試験要項で数値・期限を照合してください。,「特定化学物質第一類詳細の比較」でよくある誤答パターンは？,主体と手順の混同;記録省略;報告漏れ 誤答肢では特定化学物質障害予防規則（区分・技術的措置）の主語や条件が入れ替わることが多いので、比較表で整理してください。 過去問で正誤の型を分類し、試験要項で数値・期限を照合してください。,「特定化学物質第一類詳細の比較」の覚え方・確認手順は？,「特定化学物質第一類詳細の比較」では製造許可物質（第1類特定化学物質）を軸に、条文・数値・主体の取り違えを比較表で整理してください。 典型誤答は主体と手順の混同;記録省略;報告漏れ。 過去問では条件文の主語入れ替え肢に注意してください。,「特定化学物質第一類詳細の比較」の公式情報はどこで確認しますか？,「特定化学物質第一類詳細の比較」では製造許可物質（第1類特定化学物質）を軸に、条文・数値・主体の取り違えを比較表で整理してください。 典型誤答は主体と手順の混同;記録省略;報告漏れ。 過去問では条件文の主語入れ替え肢に注意してください。,
lead-tetra-alkyl-ops-compare-s40,鉛・四アルキル鉛運用の比較,労働衛生,鉛;四アルキル鉛,「論点A」と「論点B」（基礎整理）について、目的・主体・手続・数値・試験論点の5軸で違いを比較します。,論点A（頻出論点）;論点B（逆転肢）,"[{""axis"": ""目的（定義・目的）"", ""cols"": [""論点Aの目的"", ""論点Bの目的""]}, {""axis"": ""主体（定義・目的）"", ""cols"": [""論点Aの義務者"", ""論点Bの義務者""]}, {""axis"": ""対象（定義・目的）"", ""cols"": [""論点Aの適用範囲"", ""論点Bの適用範囲""]}, {""axis"": ""手続（定義・目的）"", ""cols"": [""論点Aの手続"", ""論点Bの手続""]}, {""axis"": ""試験（定義・目的）"", ""cols"": [""論点Aの頻出論点"", ""論点Bとの混同点""]}]",鉛・四アルキル鉛運用の比較整理｜S40,鉛・四アルキル鉛運用は用語の定義と義務主体を先に固定し、比較表で整理してください。,鉛・四アルキル鉛運用の定義と主体を固定;用語の境界を表で整理;類似語の入替肢に注意,旧要項・旧数値をそのまま適用;鉛・四アルキル鉛運用の主体を固定せずに暗記;論点Aと類似制度を混同,「鉛・四アルキル鉛運用＝定義→主体→対象」,特殊健康診断;健康診断事後措置,「鉛・四アルキル鉛運用の比較」の試験での位置づけは？,鉛・四アルキル鉛運用は義務主体・実施手順・記録保存の順で整理すると得点が安定します。 試験では特殊健康診断（鉛）を軸に、関連条文・数値・主体の取り違えを照合してください。 過去問で正誤の型を分類し、試験要項で数値・期限を照合してください。,「鉛・四アルキル鉛運用の比較」でよくある誤答パターンは？,主体と手順の混同;記録省略;報告漏れ 誤答肢では特殊健康診断（四アルキル鉛）の主語や条件が入れ替わることが多いので、比較表で整理してください。 過去問で正誤の型を分類し、試験要項で数値・期限を照合してください。,「鉛・四アルキル鉛運用の比較」の覚え方・確認手順は？,「鉛・四アルキル鉛運用の比較」では特殊健康診断（鉛）を軸に、条文・数値・主体の取り違えを比較表で整理してください。 典型誤答は主体と手順の混同;記録省略;報告漏れ。 過去問では条件文の主語入れ替え肢に注意してください。,「鉛・四アルキル鉛運用の比較」の公式情報はどこで確認しますか？,「鉛・四アルキル鉛運用の比較」では特殊健康診断（鉛）を軸に、条文・数値・主体の取り違えを比較表で整理してください。 典型誤答は主体と手順の混同;記録省略;報告漏れ。 過去問では条件文の主語入れ替え肢に注意してください。,
asbestos-mgmt-compare-s40,石綿管理の比較,労働衛生,石綿;除去,「石綿管理の比較」と「手順」（基礎整理）について、目的・主体・手続・数値・試験論点の5軸で違いを比較します。,石綿管理の比較（頻出論点）;手順（逆転肢）,"[{""axis"": ""目的（定義・目的）"", ""cols"": [""石綿管理の比較の目的"", ""手順の目的""]}, {""axis"": ""主体（定義・目的）"", ""cols"": [""石綿管理の比較の義務者"", ""手順の義務者""]}, {""axis"": ""対象（定義・目的）"", ""cols"": [""石綿管理の比較の適用範囲"", ""手順の適用範囲""]}, {""axis"": ""手続（定義・目的）"", ""cols"": [""石綿管理の比較の手続"", ""手順の手続""]}, {""axis"": ""試験（定義・目的）"", ""cols"": [""石綿管理の比較の頻出論点"", ""手順との混同点""]}]",石綿管理の比較整理｜S40,石綿管理は用語の定義と義務主体を先に固定し、比較表で整理してください。,類似語の入替肢に注意;石綿管理の定義と主体を固定;用語の境界を表で整理,旧要項・旧数値をそのまま適用;石綿管理の主体を固定せずに暗記;対象と類似制度を混同,「石綿管理＝定義→主体→対象」,石綿障害予防規則（事前調査・除去・記録）;石綿事前調査・除去等作業従事者の選任・記録;特殊健康診断;石綿（健康影響）,「対象」と「手順」の違いは何ですか？,石綿管理（基礎整理）では、比較表の5軸（目的・主体・手続・数値・試験論点）で対象と手順を並べ、主語と条件文の差を確認してください。 試験では類似語の入替肢に注意をセットで確認してください。 誤答では旧要項・旧数値をそのまま適用に注意してください。,「石綿管理」の比較表の使い方は？,石綿管理は用語の定義と義務主体を先に固定し、比較表で整理してください。 過去問で入れ替わった肢は、表のどの行が逆転したかをメモしてください。 試験では類似語の入替肢に注意をセットで確認してください。 誤答では旧要項・旧数値をそのまま適用に注意してください。,「石綿管理」で試験に出やすい混同は？,旧要項・旧数値をそのまま適用;石綿管理の主体を固定せずに暗記;対象と類似制度を混同 名称だけで判断せず、対象と手順それぞれの義務主体を条文で確認してください。 試験では類似語の入替肢に注意をセットで確認してください。,「石綿管理」の直前復習（基礎整理）は？,比較表を見ずに対象と手順の違いを口述し、 誤答した設問は逆転した軸（主体・手順・数値）をタグ付けして再演習してください。 試験では類似語の入替肢に注意をセットで確認してください。 誤答では旧要項・旧数値をそのまま適用に注意してください。,
organic-first-class-mgmt-compare-s40,有機溶剤第一種管理：管理措置の比較,労働衛生,有機溶剤;第一種,「有機溶剤第一種管理の比較」と「手順」（基礎整理）について、目的・主体・手続・数値・試験論点の5軸で違いを比較します。,有機溶剤第一種管理の比較（頻出論点）;手順（逆転肢）,"[{""axis"": ""目的（定義・目的）"", ""cols"": [""有機溶剤第一種管理の比較の目的"", ""手順の目的""]}, {""axis"": ""主体（定義・目的）"", ""cols"": [""有機溶剤第一種管理の比較の義務者"", ""手順の義務者""]}, {""axis"": ""対象（定義・目的）"", ""cols"": [""有機溶剤第一種管理の比較の適用範囲"", ""手順の適用範囲""]}, {""axis"": ""手続（定義・目的）"", ""cols"": [""有機溶剤第一種管理の比較の手続"", ""手順の手続""]}, {""axis"": ""試験（定義・目的）"", ""cols"": [""有機溶剤第一種管理の比較の頻出論点"", ""手順との混同点""]}]",有機溶剤第一種管理の比較整理｜S40,有機溶剤第一種管理は用語の定義と義務主体を先に固定し、比較表で整理してください。,有機溶剤第一種管理の定義と主体を固定;用語の境界を表で整理;類似語の入替肢に注意,旧要項・旧数値をそのまま適用;有機溶剤第一種管理の主体を固定せずに暗記;対象と類似制度を混同,「有機溶剤第一種管理＝定義→主体→対象」,有機溶剤中毒予防規則（区分・局所排気・評価）;特殊健康診断;作業環境測定,「有機溶剤第一種管理の比較」の試験での位置づけは？,有機溶剤第一種管理は義務主体・実施手順・記録保存の順で整理すると得点が安定します。 試験では有機溶剤中毒予防規則（区分・局所排気・評価）を軸に、関連条文・数値・主体の取り違えを照合してください。 過去問で正誤の型を分類し、試験要項で数値・期限を照合してください。,「有機溶剤第一種管理の比較」でよくある誤答パターンは？,主体と手順の混同;記録省略;報告漏れ 誤答肢では特殊健康診断（有機溶剤）の主語や条件が入れ替わることが多いので、比較表で整理してください。 過去問で正誤の型を分類し、試験要項で数値・期限を照合してください。,「有機溶剤第一種管理の比較」の覚え方・確認手順は？,「有機溶剤第一種管理の比較」では有機溶剤中毒予防規則（区分・局所排気・評価）を軸に、条文・数値・主体の取り違えを比較表で整理してください。 典型誤答は主体と手順の混同;記録省略;報告漏れ。 過去問では条件文の主語入れ替え肢に注意してください。,「有機溶剤第一種管理の比較」の公式情報はどこで確認しますか？,「有機溶剤第一種管理の比較」では有機溶剤中毒予防規則（区分・局所排気・評価）を軸に、条文・数値・主体の取り違えを比較表で整理してください。 典型誤答は主体と手順の混同;記録省略;報告漏れ。 過去問では条件文の主語入れ替え肢に注意してください。,
exam44-final-prep-compare-s40,44問直前対策の比較,労働衛生,44問;5範囲,「44問直前対策の比較」と「手順」（基礎整理）について、目的・主体・手続・数値・試験論点の5軸で違いを比較します。,44問直前対策の比較（頻出論点）;手順（逆転肢）,"[{""axis"": ""目的（定義・目的）"", ""cols"": [""44問直前対策の比較の目的"", ""手順の目的""]}, {""axis"": ""主体（定義・目的）"", ""cols"": [""44問直前対策の比較の義務者"", ""手順の義務者""]}, {""axis"": ""対象（定義・目的）"", ""cols"": [""44問直前対策の比較の適用範囲"", ""手順の適用範囲""]}, {""axis"": ""手続（定義・目的）"", ""cols"": [""44問直前対策の比較の手続"", ""手順の手続""]}, {""axis"": ""試験（定義・目的）"", ""cols"": [""44問直前対策の比較の頻出論点"", ""手順との混同点""]}]",44問直前対策の比較整理｜S40,44問直前対策は用語の定義と義務主体を先に固定し、比較表で整理してください。,類似語の入替肢に注意;44問直前対策の定義と主体を固定;用語の境界を表で整理,旧要項・旧数値をそのまま適用;44問直前対策の主体を固定せずに暗記;対象と類似制度を混同,「44問直前対策＝定義→主体→対象」,衛生工学衛生管理者;労働安全衛生法;衛生管理者（選任・常勤・専任・資格区分）,「44問直前対策の比較」の試験での位置づけは？,44問直前対策は義務主体・実施手順・記録保存の順で整理すると得点が安定します。 試験では衛生工学衛生管理者（有害業務での選任）を軸に、関連条文・数値・主体の取り違えを照合してください。 過去問で正誤の型を分類し、試験要項で数値・期限を照合してください。,「44問直前対策の比較」でよくある誤答パターンは？,「44問直前対策の比較」では衛生工学衛生管理者（有害業務での選任）を軸に、条文・数値・主体の取り違えを比較表で整理してください。 典型誤答は主体と手順の混同;記録省略;報告漏れ。 過去問では条件文の主語入れ替え肢に注意してください。,「44問直前対策の比較」の覚え方・確認手順は？,「44問直前対策の比較」では衛生工学衛生管理者（有害業務での選任）を軸に、条文・数値・主体の取り違えを比較表で整理してください。 典型誤答は主体と手順の混同;記録省略;報告漏れ。 過去問では条件文の主語入れ替え肢に注意してください。,「44問直前対策の比較」の公式情報はどこで確認しますか？,「44問直前対策の比較」では衛生工学衛生管理者（有害業務での選任）を軸に、条文・数値・主体の取り違えを比較表で整理してください。 典型誤答は主体と手順の混同;記録省略;報告漏れ。 過去問では条件文の主語入れ替え肢に注意してください。,
appointment-dedicated-duty-compare-s40,選任専任性の比較,関係法令,選任;衛生管理者,「選任専任性の比較」と「手順」（基礎整理）について、目的・主体・手続・数値・試験論点の5軸で違いを比較します。,選任専任性の比較（頻出論点）;手順（逆転肢）,"[{""axis"": ""目的（定義・目的）"", ""cols"": [""選任専任性の比較の目的"", ""手順の目的""]}, {""axis"": ""主体（定義・目的）"", ""cols"": [""選任専任性の比較の義務者"", ""手順の義務者""]}, {""axis"": ""対象（定義・目的）"", ""cols"": [""選任専任性の比較の適用範囲"", ""手順の適用範囲""]}, {""axis"": ""手続（定義・目的）"", ""cols"": [""選任専任性の比較の手続"", ""手順の手続""]}, {""axis"": ""試験（定義・目的）"", ""cols"": [""選任専任性の比較の頻出論点"", ""手順との混同点""]}]",選任専任性の比較整理｜S40,選任専任性は用語の定義と義務主体を先に固定し、比較表で整理してください。,類似語の入替肢に注意;選任専任性の定義と主体を固定;用語の境界を表で整理,記録・報告義務を見落とす;旧要項・旧数値をそのまま適用;選任専任性の主体を固定せずに暗記,「選任専任性＝定義→主体→対象」,衛生管理者（選任・常勤・専任・資格区分）;専任の衛生管理者（有害業務30人超）;安全衛生管理体制,「選任専任性の比較」の試験での位置づけは？,選任専任性は義務主体・実施手順・記録保存の順で整理すると得点が安定します。 試験では衛生管理者（選任・常勤・専任・資格区分）を軸に、関連条文・数値・主体の取り違えを照合してください。 過去問で正誤の型を分類し、試験要項で数値・期限を照合してください。,「選任専任性の比較」でよくある誤答パターンは？,主体と手順の混同;記録省略;報告漏れ 誤答肢では専任の衛生管理者（有害業務30人超）の主語や条件が入れ替わることが多いので、比較表で整理してください。 過去問で正誤の型を分類し、試験要項で数値・期限を照合してください。,「選任専任性の比較」の覚え方・確認手順は？,「選任専任性の比較」では衛生管理者（選任・常勤・専任・資格区分）を軸に、条文・数値・主体の取り違えを比較表で整理してください。 典型誤答は主体と手順の混同;記録省略;報告漏れ。 過去問では条件文の主語入れ替え肢に注意してください。,「選任専任性の比較」の公式情報はどこで確認しますか？,「選任専任性の比較」では衛生管理者（選任・常勤・専任・資格区分）を軸に、条文・数値・主体の取り違えを比較表で整理してください。 典型誤答は主体と手順の混同;記録省略;報告漏れ。 過去問では条件文の主語入れ替え肢に注意してください。,
improvement-plan-directive-compare-s40,改善計画指示の比較,関係法令,改善計画;措置,「改善計画指示の比較」と「手順」（基礎整理）について、目的・主体・手続・数値・試験論点の5軸で違いを比較します。,改善計画指示の比較（頻出論点）;手順（逆転肢）,"[{""axis"": ""目的（定義・目的）"", ""cols"": [""改善計画指示の比較の目的"", ""手順の目的""]}, {""axis"": ""主体（定義・目的）"", ""cols"": [""改善計画指示の比較の義務者"", ""手順の義務者""]}, {""axis"": ""対象（定義・目的）"", ""cols"": [""改善計画指示の比較の適用範囲"", ""手順の適用範囲""]}, {""axis"": ""手続（定義・目的）"", ""cols"": [""改善計画指示の比較の手続"", ""手順の手続""]}, {""axis"": ""試験（定義・目的）"", ""cols"": [""改善計画指示の比較の頻出論点"", ""手順との混同点""]}]",改善計画指示の比較整理｜S40,改善計画指示は用語の定義と義務主体を先に固定し、比較表で整理してください。,類似語の入替肢に注意;改善計画指示の定義と主体を固定;用語の境界を表で整理,手順を省略したまま正解と判断;記録・報告義務を見落とす;旧要項・旧数値をそのまま適用,「改善計画指示＝定義→主体→対象」,安全衛生改善計画（届出・公表）;作業環境評価基準・管理区分（第1～第3）;記録の作成・保存（測定・健康診断・教育等）,「改善計画指示の比較」の試験での位置づけは？,改善計画指示は義務主体・実施手順・記録保存の順で整理すると得点が安定します。 試験では安全衛生改善計画（届出・公表）を軸に、関連条文・数値・主体の取り違えを照合してください。 過去問で正誤の型を分類し、試験要項で数値・期限を照合してください。,「改善計画指示の比較」でよくある誤答パターンは？,主体と手順の混同;記録省略;報告漏れ 誤答肢では作業環境評価基準・管理区分（第1～第3）の主語や条件が入れ替わることが多いので、比較表で整理してください。 過去問で正誤の型を分類し、試験要項で数値・期限を照合してください。,「改善計画指示の比較」の覚え方・確認手順は？,「改善計画指示の比較」では安全衛生改善計画（届出・公表）を軸に、条文・数値・主体の取り違えを比較表で整理してください。 典型誤答は主体と手順の混同;記録省略;報告漏れ。 過去問では条件文の主語入れ替え肢に注意してください。,「改善計画指示の比較」の公式情報はどこで確認しますか？,「改善計画指示の比較」では安全衛生改善計画（届出・公表）を軸に、条文・数値・主体の取り違えを比較表で整理してください。 典型誤答は主体と手順の混同;記録省略;報告漏れ。 過去問では条件文の主語入れ替え肢に注意してください。,
chem-survey-record-compare-s40,化学物質調査記録の比較,労働衛生,化学物質;調査,「化学物質調査記録の比較」と「手順」（基礎整理）について、目的・主体・手続・数値・試験論点の5軸で違いを比較します。,化学物質調査記録の比較（頻出論点）;手順（逆転肢）,"[{""axis"": ""目的（定義・目的）"", ""cols"": [""化学物質調査記録の比較の目的"", ""手順の目的""]}, {""axis"": ""主体（定義・目的）"", ""cols"": [""化学物質調査記録の比較の義務者"", ""手順の義務者""]}, {""axis"": ""対象（定義・目的）"", ""cols"": [""化学物質調査記録の比較の適用範囲"", ""手順の適用範囲""]}, {""axis"": ""手続（定義・目的）"", ""cols"": [""化学物質調査記録の比較の手続"", ""手順の手続""]}, {""axis"": ""試験（定義・目的）"", ""cols"": [""化学物質調査記録の比較の頻出論点"", ""手順との混同点""]}]",化学物質調査記録の比較整理｜S40,化学物質調査記録は用語の定義と義務主体を先に固定し、比較表で整理してください。,類似語の入替肢に注意;化学物質調査記録の定義と主体を固定;用語の境界を表で整理,対象と類似制度を混同;手順を省略したまま正解と判断;記録・報告義務を見落とす,「化学物質調査記録＝定義→主体→対象」,化学物質管理者（選任・職務）;リスクアセスメント;記録の作成・保存（測定・健康診断・教育等）,「化学物質調査記録の比較」の試験での位置づけは？,化学物質調査記録は義務主体・実施手順・記録保存の順で整理すると得点が安定します。 試験では化学物質管理者（選任・職務）を軸に、関連条文・数値・主体の取り違えを照合してください。 過去問で正誤の型を分類し、試験要項で数値・期限を照合してください。,「化学物質調査記録の比較」でよくある誤答パターンは？,主体と手順の混同;記録省略;報告漏れ 誤答肢ではリスクアセスメント（化学・作業環境）の主語や条件が入れ替わることが多いので、比較表で整理してください。 過去問で正誤の型を分類し、試験要項で数値・期限を照合してください。,「化学物質調査記録の比較」の覚え方・確認手順は？,「化学物質調査記録の比較」では化学物質管理者（選任・職務）を軸に、条文・数値・主体の取り違えを比較表で整理してください。 典型誤答は主体と手順の混同;記録省略;報告漏れ。 過去問では条件文の主語入れ替え肢に注意してください。,「化学物質調査記録の比較」の公式情報はどこで確認しますか？,「化学物質調査記録の比較」では化学物質管理者（選任・職務）を軸に、条文・数値・主体の取り違えを比較表で整理してください。 典型誤答は主体と手順の混同;記録省略;報告漏れ。 過去問では条件文の主語入れ替え肢に注意してください。,
safety-health-mgmt-system-compare-s40,安全衛生管理体制の比較,関係法令,管理体制;選任,「安全衛生管理体制の比較」と「手順」（基礎整理）について、目的・主体・手続・数値・試験論点の5軸で違いを比較します。,安全衛生管理体制の比較（頻出論点）;手順（逆転肢）,"[{""axis"": ""目的（定義・目的）"", ""cols"": [""安全衛生管理体制の比較の目的"", ""手順の目的""]}, {""axis"": ""主体（定義・目的）"", ""cols"": [""安全衛生管理体制の比較の義務者"", ""手順の義務者""]}, {""axis"": ""対象（定義・目的）"", ""cols"": [""安全衛生管理体制の比較の適用範囲"", ""手順の適用範囲""]}, {""axis"": ""手続（定義・目的）"", ""cols"": [""安全衛生管理体制の比較の手続"", ""手順の手続""]}, {""axis"": ""試験（定義・目的）"", ""cols"": [""安全衛生管理体制の比較の頻出論点"", ""手順との混同点""]}]",安全衛生管理体制の比較整理｜S40,安全衛生管理体制は用語の定義と義務主体を先に固定し、比較表で整理してください。,用語の境界を表で整理;類似語の入替肢に注意;安全衛生管理体制の定義と主体を固定,安全衛生管理体制の主体を固定せずに暗記;対象と類似制度を混同;手順を省略したまま正解と判断,「安全衛生管理体制＝定義→主体→対象」,安全衛生管理体制;衛生管理者（選任・常勤・専任・資格区分）;衛生委員会,「安全衛生管理体制の比較」の試験での位置づけは？,安全衛生管理体制は義務主体・実施手順・記録保存の順で整理すると得点が安定します。 試験では安全衛生管理体制（総括／衛生管理者／産業医）を軸に、関連条文・数値・主体の取り違えを照合してください。 過去問で正誤の型を分類し、試験要項で数値・期限を照合してください。,「安全衛生管理体制の比較」でよくある誤答パターンは？,主体と手順の混同;記録省略;報告漏れ 誤答肢では衛生管理者（選任・常勤・専任・資格区分）の主語や条件が入れ替わることが多いので、比較表で整理してください。 過去問で正誤の型を分類し、試験要項で数値・期限を照合してください。,「安全衛生管理体制の比較」の覚え方・確認手順は？,「安全衛生管理体制の比較」では安全衛生管理体制（総括／衛生管理者／産業医）を軸に、条文・数値・主体の取り違えを比較表で整理してください。 典型誤答は主体と手順の混同;記録省略;報告漏れ。 過去問では条件文の主語入れ替え肢に注意してください。,「安全衛生管理体制の比較」の公式情報はどこで確認しますか？,「安全衛生管理体制の比較」では安全衛生管理体制（総括／衛生管理者／産業医）を軸に、条文・数値・主体の取り違えを比較表で整理してください。 典型誤答は主体と手順の混同;記録省略;報告漏れ。 過去問では条件文の主語入れ替え肢に注意してください。,
